writer_id,genuine,forgery,mismatched_files,unrecognized_files
1,12,16,,
2,12,16,,
3,12,16,,
4,12,16,,
5,12,16,,
6,12,16,,
7,12,16,,
8,12,16,,
9,12,16,,
10,12,16,,
11,12,16,,
12,12,16,,
13,12,16,,
14,12,16,,
15,12,16,,
16,12,16,,
17,12,16,,
18,12,16,,
19,12,16,,
20,12,16,,
21,12,16,,
22,12,16,,
23,12,16,,
24,12,16,,
25,12,16,,
26,12,16,,
27,12,16,,
28,12,16,,
29,12,16,,
30,12,16,,
31,12,16,,
32,12,16,,
33,12,16,,
34,12,16,,
35,12,16,,
36,12,16,,
37,12,16,,
38,12,16,,
39,12,16,,
40,12,16,,
41,12,16,,
42,12,16,,
43,12,16,,
44,12,16,,
45,12,16,,
46,12,16,,
47,12,16,,
48,12,16,,
49,12,16,,
50,12,16,,
51,12,16,,
52,12,16,,
53,12,16,,
54,12,16,,
55,12,16,,
56,12,16,,
57,12,16,,
58,12,16,,
59,12,16,,
60,12,16,,
61,12,16,,
62,12,16,,
63,12,16,,
64,12,16,,
65,12,16,,
66,12,16,,
67,12,16,,
68,12,16,,
69,12,16,,
70,12,16,,
71,12,16,,
72,12,16,,
73,12,16,,
74,12,16,,
75,12,16,,
76,12,16,,
77,12,16,,
78,12,16,,
79,12,16,,
80,12,16,,
81,12,16,,
82,12,16,,
83,12,16,,
84,12,16,,
85,12,16,,
86,12,16,,
87,12,16,,
88,12,16,,
89,12,16,,
90,12,16,,
91,12,16,,
92,12,16,,
93,12,16,,
94,12,16,,
95,12,16,,
96,12,16,,
97,12,16,,
98,12,16,,
99,12,16,,
100,12,16,,
101,12,16,,
102,12,16,,
103,12,16,,
104,12,16,,
105,12,16,,
106,12,16,,
107,12,16,,
108,12,16,,
109,12,16,,
110,12,16,,
111,12,16,,
112,12,16,,
113,12,16,,
114,12,16,,
115,12,16,,
116,12,16,,
117,12,16,,
118,12,16,,
119,12,16,,
120,12,16,,
121,12,16,,
122,12,16,,
123,12,16,,
124,12,16,,
125,12,16,,
126,12,16,,
127,12,16,,
128,12,16,,
129,12,16,,
130,12,16,,
131,12,16,,
132,12,16,,
133,12,16,,
134,12,16,,
135,12,16,,
136,12,16,,
137,12,16,,
138,12,16,,
139,12,16,,
140,12,16,,
141,12,16,,
142,12,16,,
143,12,16,,
144,12,16,,
145,12,16,,
146,12,16,,
147,12,16,,
148,12,16,,
149,12,16,,
150,12,16,,
151,12,16,,
152,12,16,,
153,12,16,,
154,12,16,,
155,12,16,,
156,12,16,,
157,12,16,,
158,12,16,,
159,12,16,,
160,12,16,,
161,12,16,,
162,12,16,,
163,12,16,,
164,12,16,,
165,12,16,,
166,12,16,,
167,12,16,,
168,12,16,,
169,12,16,,
170,12,16,,
171,12,16,,
172,12,16,,
173,12,16,,
174,12,16,,
175,12,16,,
176,12,16,,
177,12,16,,
178,12,16,,
179,12,16,,
180,12,16,,
181,12,16,,
182,12,16,,
183,12,16,,
184,12,16,,
185,12,16,,
186,12,16,,
187,12,16,,
188,12,16,,
189,12,16,,
190,12,16,,
191,12,16,,
192,12,16,,
193,12,16,,
194,12,16,,
195,12,16,,
196,12,16,,
197,12,16,,
198,12,16,,
199,12,16,,
200,12,16,,
201,12,16,,
202,12,16,,
203,12,16,,
204,12,16,,
205,12,16,,
206,12,16,,
207,12,16,,
208,12,16,,
209,12,16,,
210,12,16,,
211,12,16,,
212,12,16,,
213,12,16,,
214,12,16,,
215,12,16,,
216,12,16,,
217,12,16,,
218,12,16,,
219,12,16,,
220,12,16,,
221,12,16,,
222,12,16,,
223,12,16,,
224,12,16,,
225,12,16,,
226,12,16,,
227,12,16,,
228,12,16,,
229,12,16,,
230,12,16,,
231,12,16,,
232,12,16,,
233,12,16,,
234,12,16,,
235,12,16,,
236,12,16,,
237,12,16,,
238,12,16,,
239,12,16,,
240,12,16,,
241,12,16,,
242,12,16,,
243,12,16,,
244,12,16,,
245,12,16,,
246,12,16,,
247,12,16,,
248,12,16,,
249,12,16,,
250,12,16,,
251,12,16,,
252,12,16,,
253,12,16,,
254,12,16,,
255,12,16,,
256,12,16,,
257,12,16,,
258,12,16,,
259,12,16,,
260,12,16,,
261,12,16,,
262,12,16,,
263,12,16,,
264,12,16,,
265,12,16,,
266,12,16,,
267,12,16,,
268,12,16,,
269,12,16,,
270,12,16,,
271,12,16,,
272,12,16,,
273,12,16,,
274,12,16,,
275,12,16,,
276,12,16,,
277,12,16,,
278,12,16,,
279,12,16,,
280,12,16,,
281,12,16,,
282,12,16,,
283,12,16,,
284,12,16,,
285,12,16,,
286,12,16,,
287,12,16,,
288,12,16,,
289,12,16,,
290,12,16,,
291,12,16,,
292,12,16,,
293,12,16,,
294,12,16,,
295,12,16,,
296,12,16,,
297,12,16,,
298,12,16,,
299,12,16,,
300,12,16,,
301,12,16,,
302,12,16,,
303,12,16,,
304,12,16,,
305,12,16,,
306,12,16,,
307,12,16,,
308,12,16,,
309,12,16,,
310,12,16,,
311,12,16,,
312,12,16,,
313,12,16,,
314,12,16,,
315,12,16,,
316,12,16,,
317,12,16,,
318,12,16,,
319,12,16,,
320,12,16,,
321,12,16,,
322,12,16,,
323,12,16,,
324,12,16,,
325,12,16,,
326,12,16,,
327,12,16,,
328,12,16,,
329,12,16,,
330,12,16,,
331,12,16,,
332,12,16,,
333,12,16,,
334,12,16,,
335,12,16,,
336,12,16,,
337,12,16,,
338,12,16,,
339,12,16,,
340,12,16,,
341,12,16,,
342,12,16,,
343,12,16,,
344,12,16,,
345,12,16,,
346,12,16,,
347,12,16,,
348,12,16,,
349,12,16,,
350,12,16,,
351,12,16,,
352,12,16,,
353,12,16,,
354,12,16,,
355,12,16,,
356,12,16,,
357,12,16,,
358,12,16,,
359,12,16,,
360,12,16,,
361,12,16,,
362,12,16,,
363,12,16,,
364,12,16,,
365,12,16,,
366,12,16,,
367,12,16,,
368,12,16,,
369,12,16,,
370,12,16,,
371,12,16,,
372,12,16,,
373,12,16,,
374,12,16,,
375,12,16,,
376,12,16,,
377,12,16,,
378,12,16,,
379,12,16,,
380,12,16,,
381,12,16,,
382,12,16,,
383,12,16,,
384,12,16,,
385,12,16,,
386,12,16,,
387,12,16,,
388,12,16,,
389,12,16,,
390,12,16,,
391,12,16,,
392,12,16,,
393,12,16,,
394,12,16,,
395,12,16,,
396,12,16,,
397,12,16,,
398,12,16,,
399,12,16,,
400,12,16,,
401,12,16,,
402,12,16,,
403,12,16,,
404,12,16,,
405,12,16,,
406,12,16,,
407,12,16,,
408,12,16,,
409,12,16,,
410,12,16,,
411,12,16,,
412,12,16,,
413,12,16,,
414,12,16,,
415,12,16,,
416,12,16,,
417,12,16,,
418,12,16,,
419,12,16,,
420,12,16,,
421,12,16,,
422,12,16,,
423,12,16,,
424,12,16,,
425,12,16,,
426,12,16,,
427,12,16,,
428,12,16,,
429,12,16,,
430,12,16,,
431,12,16,,
432,12,16,,
433,12,16,,
434,12,16,,
435,12,16,,
436,12,16,,
437,12,16,,
438,12,16,,
439,12,16,,
440,12,16,,
441,12,16,,
442,12,16,,
443,12,16,,
444,12,16,,
445,12,16,,
446,12,16,,
447,12,16,,
448,12,16,,
449,12,16,,
450,12,16,,
451,12,16,,
452,12,16,,
453,12,16,,
454,12,16,,
455,12,16,,
456,12,16,,
457,12,16,,
458,12,16,,
459,12,16,,
460,12,16,,
461,12,16,,
462,12,16,,
463,12,16,,
464,12,16,,
465,12,16,,
466,12,16,,
467,12,16,,
468,12,16,,
469,12,16,,
470,12,16,,
471,12,16,,
472,12,16,,
473,12,16,,
474,12,16,,
475,12,16,,
476,12,16,,
477,12,16,,
478,12,16,,
479,12,16,,
480,12,16,,
481,12,16,,
482,12,16,,
483,12,16,,
484,12,16,,
485,12,16,,
486,12,16,,
487,12,16,,
488,12,16,,
489,12,16,,
490,12,16,,
491,12,16,,
492,12,16,,
493,12,16,,
494,12,16,,
495,12,16,,
496,12,16,,
497,12,16,,
498,12,16,,
499,12,16,,
500,12,16,,
501,12,16,,
502,12,16,,
503,12,16,,
504,12,16,,
505,12,16,,
506,12,16,,
507,12,16,,
508,12,16,,
509,12,16,,
510,12,16,,
511,12,16,,
512,12,16,,
513,12,16,,
514,12,16,,
515,12,16,,
516,12,16,,
517,12,16,,
518,12,16,,
519,12,16,,
520,12,16,,
521,12,16,,
522,12,16,,
523,12,16,,
524,12,16,,
525,12,16,,
526,12,16,,
527,12,16,,
528,12,16,,
529,12,16,,
530,12,16,,
531,12,16,,
532,12,16,,
533,12,16,,
534,12,16,,
535,12,16,,
536,12,16,,
537,12,16,,
538,12,16,,
539,12,16,,
540,12,16,,
541,12,16,,
542,12,16,,
543,12,16,,
544,12,16,,
545,12,16,,
546,12,16,,
547,12,16,,
548,12,16,,
549,12,16,,
550,12,16,,
551,12,16,,
552,12,16,,
553,12,16,,
554,12,16,,
555,12,16,,
556,12,16,,
557,12,16,,
558,12,16,,
559,12,16,,
560,12,16,,
561,12,16,,
562,12,16,,
563,12,16,,
564,12,16,,
565,12,16,,
566,12,16,,
567,12,16,,
568,12,16,,
569,12,16,,
570,12,16,,
571,12,16,,
572,12,16,,
573,12,16,,
574,12,16,,
575,12,16,,
576,12,16,,
577,12,16,,
578,12,16,,
579,12,16,,
580,12,16,,
581,12,16,,
582,12,16,,
583,12,16,,
584,12,16,,
585,12,16,,
586,12,16,,
587,12,16,,
588,12,16,,
589,12,16,,
590,12,16,,
591,12,16,,
592,12,16,,
593,12,16,,
594,12,16,,
595,12,16,,
596,12,16,,
597,12,16,,
598,12,16,,
599,12,16,,
600,12,16,,
601,12,16,,
602,12,16,,
603,12,16,,
604,12,16,,
605,12,16,,
606,12,16,,
607,12,16,,
608,12,16,,
609,12,16,,
610,12,16,,
611,12,16,,
612,12,16,,
613,12,16,,
614,12,16,,
615,12,16,,
616,12,16,,
617,12,16,,
618,12,16,,
619,12,16,,
620,12,16,,
621,12,16,,
622,12,16,,
623,12,16,,
624,12,16,,
625,12,16,,
626,12,16,,
627,12,16,,
628,12,16,,
629,12,16,,
630,12,16,,
631,12,16,,
632,12,16,,
633,12,16,,
634,12,16,,
635,12,16,,
636,12,16,,
637,12,16,,
638,12,16,,
639,12,16,,
640,12,16,,
641,12,16,,
642,12,16,,
643,12,16,,
644,12,16,,
645,12,16,,
646,12,16,,
647,12,16,,
648,12,16,,
649,12,16,,
650,12,16,,
651,12,16,,
652,12,16,,
653,12,16,,
654,12,16,,
655,12,16,,
656,12,16,,
657,12,16,,
658,12,16,,
659,12,16,,
660,12,16,,
661,12,16,,
662,12,16,,
663,12,16,,
664,12,16,,
665,12,16,,
666,12,16,,
667,12,16,,
668,12,16,,
669,12,16,,
670,12,16,,
671,12,16,,
672,12,16,,
673,12,16,,
674,12,16,,
675,12,16,,
676,12,16,,
677,12,16,,
678,12,16,,
679,12,16,,
680,12,16,,
681,12,16,,
682,12,16,,
683,12,16,,
684,12,16,,
685,12,16,,
686,12,16,,
687,12,16,,
688,12,16,,
689,12,16,,
690,12,16,,
691,12,16,,
692,12,16,,
693,12,16,,
694,12,16,,
695,12,16,,
696,12,16,,
697,12,16,,
698,12,16,,
699,12,16,,
700,12,16,,
701,12,16,,
702,12,16,,
703,12,16,,
704,12,16,,
705,12,16,,
706,12,16,,
707,12,16,,
708,12,16,,
709,12,16,,
710,12,16,,
711,12,16,,
712,12,16,,
713,12,16,,
714,12,16,,
715,12,16,,
716,12,16,,
717,12,16,,
718,12,16,,
719,12,16,,
720,12,16,,
721,12,16,,
722,12,16,,
723,12,16,,
724,12,16,,
725,12,16,,
726,12,16,,
727,12,16,,
728,12,16,,
729,12,16,,
730,12,16,,
731,12,16,,
732,12,16,,
733,12,16,,
734,12,16,,
735,12,16,,
736,12,16,,
737,12,16,,
738,12,16,,
739,12,16,,
740,12,16,,
741,12,16,,
742,12,16,,
743,12,16,,
744,12,16,,
745,12,16,,
746,12,16,,
747,12,16,,
748,12,16,,
749,12,16,,
750,12,16,,
751,12,16,,
752,12,16,,
753,12,16,,
754,12,16,,
755,12,16,,
756,12,16,,
757,12,16,,
758,12,16,,
759,12,16,,
760,12,16,,
761,12,16,,
762,12,16,,
763,12,16,,
764,12,16,,
765,12,16,,
766,12,16,,
767,12,16,,
768,12,16,,
769,12,16,,
770,12,16,,
771,12,16,,
772,12,16,,
773,12,16,,
774,12,16,,
775,12,16,,
776,12,16,,
777,12,16,,
778,12,16,,
779,12,16,,
780,12,16,,
781,12,16,,
782,12,16,,
783,12,16,,
784,12,16,,
785,12,16,,
786,12,16,,
787,12,16,,
788,12,16,,
789,12,16,,
790,12,16,,
791,12,16,,
792,12,16,,
793,12,16,,
794,12,16,,
795,12,16,,
796,12,16,,
797,12,16,,
798,12,16,,
799,12,16,,
800,12,16,,
801,12,16,,
802,12,16,,
803,12,16,,
804,12,16,,
805,12,16,,
806,12,16,,
807,12,16,,
808,12,16,,
809,12,16,,
810,12,16,,
811,12,16,,
812,12,16,,
813,12,16,,
814,12,16,,
815,12,16,,
816,12,16,,
817,12,16,,
818,12,16,,
819,12,16,,
820,12,16,,
821,12,16,,
822,12,16,,
823,12,16,,
824,12,16,,
825,12,16,,
826,12,16,,
827,12,16,,
828,12,16,,
829,12,16,,
830,12,16,,
831,12,16,,
832,12,16,,
833,12,16,,
834,12,16,,
835,12,16,,
836,12,16,,
837,12,16,,
838,12,16,,
839,12,16,,
840,12,16,,
841,12,16,,
842,12,16,,
843,12,16,,
844,12,16,,
845,12,16,,
846,12,16,,
847,12,16,,
848,12,16,,
849,12,16,,
850,12,16,,
851,12,16,,
852,12,16,,
853,12,16,,
854,12,16,,
855,12,16,,
856,12,16,,
857,12,16,,
858,12,16,,
859,12,16,,
860,12,16,,
861,12,16,,
862,12,16,,
863,12,16,,
864,12,16,,
865,12,16,,
866,12,16,,
867,12,16,,
868,12,16,,
869,12,16,,
870,12,16,,
871,12,16,,
872,12,16,,
873,12,16,,
874,12,16,,
875,12,16,,
876,12,16,,
877,12,16,,
878,12,16,,
879,12,16,,
880,12,16,,
881,12,16,,
882,12,16,,
883,12,16,,
884,12,16,,
885,12,16,,
886,12,16,,
887,12,16,,
888,12,16,,
889,12,16,,
890,12,16,,
891,12,16,,
892,12,16,,
893,12,16,,
894,12,16,,
895,12,16,,
896,12,16,,
897,12,16,,
898,12,16,,
899,12,16,,
900,12,16,,
901,12,16,,
902,12,16,,
903,12,16,,
904,12,16,,
905,12,16,,
906,12,16,,
907,12,16,,
908,12,16,,
909,12,16,,
910,12,16,,
911,12,16,,
912,12,16,,
913,12,16,,
914,12,16,,
915,12,16,,
916,12,16,,
917,12,16,,
918,12,16,,
919,12,16,,
920,12,16,,
921,12,16,,
922,12,16,,
923,12,16,,
924,12,16,,
925,12,16,,
926,12,16,,
927,12,16,,
928,12,16,,
929,12,16,,
930,12,16,,
931,12,16,,
932,12,16,,
933,12,16,,
934,12,16,,
935,12,16,,
936,12,16,,
937,12,16,,
938,12,16,,
939,12,16,,
940,12,16,,
941,12,16,,
942,12,16,,
943,12,16,,
944,12,16,,
945,12,16,,
946,12,16,,
947,12,16,,
948,12,16,,
949,12,16,,
950,12,16,,
951,12,16,,
952,12,16,,
953,12,16,,
954,12,16,,
955,12,16,,
956,12,16,,
957,12,16,,
958,12,16,,
959,12,16,,
960,12,16,,
961,12,16,,
962,12,16,,
963,12,16,,
964,12,16,,
965,12,16,,
966,12,16,,
967,12,16,,
968,12,16,,
969,12,16,,
970,12,16,,
971,12,16,,
972,12,16,,
973,12,16,,
974,12,16,,
975,12,16,,
976,12,16,,
977,12,16,,
978,12,16,,
979,12,16,,
980,12,16,,
981,12,16,,
982,12,16,,
983,12,16,,
984,12,16,,
985,12,16,,
986,12,16,,
987,12,16,,
988,12,16,,
989,12,16,,
990,12,16,,
991,12,16,,
992,12,16,,
993,12,16,,
994,12,16,,
995,12,16,,
996,12,16,,
997,12,16,,
998,12,16,,
999,12,16,,
1000,12,16,,
1001,12,16,,
1002,12,16,,
1003,12,16,,
1004,12,16,,
1005,12,16,,
1006,12,16,,
1007,12,16,,
1008,12,16,,
1009,12,16,,
1010,12,16,,
1011,12,16,,
1012,12,16,,
1013,12,16,,
1014,12,16,,
1015,12,16,,
1016,12,16,,
1017,12,16,,
1018,12,16,,
1019,12,16,,
1020,12,16,,
1021,12,16,,
1022,12,16,,
1023,12,16,,
1024,12,16,,
1025,12,16,,
1026,12,16,,
1027,12,16,,
1028,12,16,,
1029,12,16,,
1030,12,16,,
1031,12,16,,
1032,12,16,,
1033,12,16,,
1034,12,16,,
1035,12,16,,
1036,12,16,,
1037,12,16,,
1038,12,16,,
1039,12,16,,
1040,12,16,,
1041,12,16,,
1042,12,16,,
1043,12,16,,
1044,12,16,,
1045,12,16,,
1046,12,16,,
1047,12,16,,
1048,12,16,,
1049,12,16,,
1050,12,16,,
1051,12,16,,
1052,12,16,,
1053,12,16,,
1054,12,16,,
1055,12,16,,
1056,12,16,,
1057,12,16,,
1058,12,16,,
1059,12,16,,
1060,12,16,,
1061,12,16,,
1062,12,16,,
1063,12,16,,
1064,12,16,,
1065,12,16,,
1066,12,16,,
1067,12,16,,
1068,12,16,,
1069,12,16,,
1070,12,16,,
1071,12,16,,
1072,12,16,,
1073,12,16,,
1074,12,16,,
1075,12,16,,
1076,12,16,,
1077,12,16,,
1078,12,16,,
1079,12,16,,
1080,12,16,,
1081,12,16,,
1082,12,16,,
1083,12,16,,
1084,12,16,,
1085,12,16,,
1086,12,16,,
1087,12,16,,
1088,12,16,,
1089,12,16,,
1090,12,16,,
1091,12,16,,
1092,12,16,,
1093,12,16,,
1094,12,16,,
1095,12,16,,
1096,12,16,,
1097,12,16,,
1098,12,16,,
1099,12,16,,
1100,12,16,,
1101,12,16,,
1102,12,16,,
1103,12,16,,
1104,12,16,,
1105,12,16,,
1106,12,16,,
1107,12,16,,
1108,12,16,,
1109,12,16,,
1110,12,16,,
1111,12,16,,
1112,12,16,,
1113,12,16,,
1114,12,16,,
1115,12,16,,
1116,12,16,,
1117,12,16,,
1118,12,16,,
1119,12,16,,
1120,12,16,,
1121,12,16,,
1122,12,16,,
1123,12,16,,
1124,12,16,,
1125,12,16,,
1126,12,16,,
1127,12,16,,
1128,12,16,,
1129,12,16,,
1130,12,16,,
1131,12,16,,
1132,12,16,,
1133,12,16,,
1134,12,16,,
1135,12,16,,
1136,12,16,,
1137,12,16,,
1138,12,16,,
1139,12,16,,
1140,12,16,,
1141,12,16,,
1142,12,16,,
1143,12,16,,
1144,12,16,,
1145,12,16,,
1146,12,16,,
1147,12,16,,
1148,12,16,,
1149,12,16,,
1150,12,16,,
1151,12,16,,
1152,12,16,,
1153,12,16,,
1154,12,16,,
1155,12,16,,
1156,12,16,,
1157,12,16,,
1158,12,16,,
1159,12,16,,
1160,12,16,,
1161,12,16,,
1162,12,16,,
1163,12,16,,
1164,12,16,,
1165,12,16,,
1166,12,16,,
1167,12,16,,
1168,12,16,,
1169,12,16,,
1170,12,16,,
1171,12,16,,
1172,12,16,,
1173,12,16,,
1174,12,16,,
1175,12,16,,
1176,12,16,,
1177,12,16,,
1178,12,16,,
1179,12,16,,
1180,12,16,,
1181,12,16,,
1182,12,16,,
1183,12,16,,
1184,12,16,,
1185,12,16,,
1186,12,16,,
1187,12,16,,
1188,12,16,,
1189,12,16,,
1190,12,16,,
1191,12,16,,
1192,12,16,,
1193,12,16,,
1194,12,16,,
1195,12,16,,
1196,12,16,,
1197,12,16,,
1198,12,16,,
1199,12,16,,
1200,12,16,,
1201,12,16,,
1202,12,16,,
1203,12,16,,
1204,12,16,,
1205,12,16,,
1206,12,16,,
1207,12,16,,
1208,12,16,,
1209,12,16,,
1210,12,16,,
1211,12,16,,
1212,12,16,,
1213,12,16,,
1214,12,16,,
1215,12,16,,
1216,12,16,,
1217,12,16,,
1218,12,16,,
1219,12,16,,
1220,12,16,,
1221,12,16,,
1222,12,16,,
1223,12,16,,
1224,12,16,,
1225,12,16,,
1226,12,16,,
1227,12,16,,
1228,12,16,,
1229,12,16,,
1230,12,16,,
1231,12,16,,
1232,12,16,,
1233,12,16,,
1234,12,16,,
1235,12,16,,
1236,12,16,,
1237,12,16,,
1238,12,16,,
1239,12,16,,
1240,12,16,,
1241,12,16,,
1242,12,16,,
1243,12,16,,
1244,12,16,,
1245,12,16,,
1246,12,16,,
1247,12,16,,
1248,12,16,,
1249,12,16,,
1250,12,16,,
1251,12,16,,
1252,12,16,,
1253,12,16,,
1254,12,16,,
1255,12,16,,
1256,12,16,,
1257,12,16,,
1258,12,16,,
1259,12,16,,
1260,12,16,,
1261,12,16,,
1262,12,16,,
1263,12,16,,
1264,12,16,,
1265,12,16,,
1266,12,16,,
1267,12,16,,
1268,12,16,,
1269,12,16,,
1270,12,16,,
1271,12,16,,
1272,12,16,,
1273,12,16,,
1274,12,16,,
1275,12,16,,
1276,12,16,,
1277,12,16,,
1278,12,16,,
1279,12,16,,
1280,12,16,,
1281,12,16,,
1282,12,16,,
1283,12,16,,
1284,12,16,,
1285,12,16,,
1286,12,16,,
1287,12,16,,
1288,12,16,,
1289,12,16,,
1290,12,16,,
1291,12,16,,
1292,12,16,,
1293,12,16,,
1294,12,16,,
1295,12,16,,
1296,12,16,,
1297,12,16,,
1298,12,16,,
1299,12,16,,
1300,12,16,,
1301,12,16,,
1302,12,16,,
1303,12,16,,
1304,12,16,,
1305,12,16,,
1306,12,16,,
1307,12,16,,
1308,12,16,,
1309,12,16,,
1310,12,16,,
1311,12,16,,
1312,12,16,,
1313,12,16,,
1314,12,16,,
1315,12,16,,
1316,12,16,,
1317,12,16,,
1318,12,16,,
1319,12,16,,
1320,12,16,,
1321,12,16,,
1322,12,16,,
1323,12,16,,
1324,12,16,,
1325,12,16,,
1326,12,16,,
1327,12,16,,
1328,12,16,,
1329,12,16,,
1330,12,16,,
1331,12,16,,
1332,12,16,,
1333,12,16,,
1334,12,16,,
1335,12,16,,
1336,12,16,,
1337,12,16,,
1338,12,16,,
1339,12,16,,
1340,12,16,,
1341,12,16,,
1342,12,16,,
1343,12,16,,
1344,12,16,,
1345,12,16,,
1346,12,16,,
1347,12,16,,
1348,12,16,,
1349,12,16,,
1350,12,16,,
1351,12,16,,
1352,12,16,,
1353,12,16,,
1354,12,16,,
1355,12,16,,
1356,12,16,,
1357,12,16,,
1358,12,16,,
1359,12,16,,
1360,12,16,,
1361,12,16,,
1362,12,16,,
1363,12,16,,
1364,12,16,,
1365,12,16,,
1366,12,16,,
1367,12,16,,
1368,12,16,,
1369,12,16,,
1370,12,16,,
1371,12,16,,
1372,12,16,,
1373,12,16,,
1374,12,16,,
1375,12,16,,
1376,12,16,,
1377,12,16,,
1378,12,16,,
1379,12,16,,
1380,12,16,,
1381,12,16,,
1382,12,16,,
1383,12,16,,
1384,12,16,,
1385,12,16,,
1386,12,16,,
1387,12,16,,
1388,12,16,,
1389,12,16,,
1390,12,16,,
1391,12,16,,
1392,12,16,,
1393,12,16,,
1394,12,16,,
1395,12,16,,
1396,12,16,,
1397,12,16,,
1398,12,16,,
1399,12,16,,
1400,12,16,,
1401,12,16,,
1402,12,16,,
1403,12,16,,
1404,12,16,,
1405,12,16,,
1406,12,16,,
1407,12,16,,
1408,12,16,,
1409,12,16,,
1410,12,16,,
1411,12,16,,
1412,12,16,,
1413,12,16,,
1414,12,16,,
1415,12,16,,
1416,12,16,,
1417,12,16,,
1418,12,16,,
1419,12,16,,
1420,12,16,,
1421,12,16,,
1422,12,16,,
1423,12,16,,
1424,12,16,,
1425,12,16,,
1426,12,16,,
1427,12,16,,
1428,12,16,,
1429,12,16,,
1430,12,16,,
1431,12,16,,
1432,12,16,,
1433,12,16,,
1434,12,16,,
1435,12,16,,
1436,12,16,,
1437,12,16,,
1438,12,16,,
1439,12,16,,
1440,12,16,,
1441,12,16,,
1442,12,16,,
1443,12,16,,
1444,12,16,,
1445,12,16,,
1446,12,16,,
1447,12,16,,
1448,12,16,,
1449,12,16,,
1450,12,16,,
1451,12,16,,
1452,12,16,,
1453,12,16,,
1454,12,16,,
1455,12,16,,
1456,12,16,,
1457,12,16,,
1458,12,16,,
1459,12,16,,
1460,12,16,,
1461,12,16,,
1462,12,16,,
1463,12,16,,
1464,12,16,,
1465,12,16,,
1466,12,16,,
1467,12,16,,
1468,12,16,,
1469,12,16,,
1470,12,16,,
1471,12,16,,
1472,12,16,,
1473,12,16,,
1474,12,16,,
1475,12,16,,
1476,12,16,,
1477,12,16,,
1478,12,16,,
1479,12,16,,
1480,12,16,,
1481,12,16,,
1482,12,16,,
1483,12,16,,
1484,12,16,,
1485,12,16,,
1486,12,16,,
1487,12,16,,
1488,12,16,,
1489,12,16,,
1490,12,16,,
1491,12,16,,
1492,12,16,,
1493,12,16,,
1494,12,16,,
1495,12,16,,
1496,12,16,,
1497,12,16,,
1498,12,16,,
1499,12,16,,
1500,12,16,,
1501,12,16,,
1502,12,16,,
1503,12,16,,
1504,12,16,,
1505,12,16,,
1506,12,16,,
1507,12,16,,
1508,12,16,,
1509,12,16,,
1510,12,16,,
1511,12,16,,
1512,12,16,,
1513,12,16,,
1514,12,16,,
1515,12,16,,
1516,12,16,,
1517,12,16,,
1518,12,16,,
1519,12,16,,
1520,12,16,,
1521,12,16,,
1522,12,16,,
1523,12,16,,
1524,12,16,,
1525,12,16,,
1526,12,16,,
1527,12,16,,
1528,12,16,,
1529,12,16,,
1530,12,16,,
1531,12,16,,
1532,12,16,,
1533,12,16,,
1534,12,16,,
1535,12,16,,
1536,12,16,,
1537,12,16,,
1538,12,16,,
1539,12,16,,
1540,12,16,,
1541,12,16,,
1542,12,16,,
1543,12,16,,
1544,12,16,,
1545,12,16,,
1546,12,16,,
1547,12,16,,
1548,12,16,,
1549,12,16,,
1550,12,16,,
1551,12,16,,
1552,12,16,,
1553,12,16,,
1554,12,16,,
1555,12,16,,
1556,12,16,,
1557,12,16,,
1558,12,16,,
1559,12,16,,
1560,12,16,,
1561,12,16,,
1562,12,16,,
1563,12,16,,
1564,12,16,,
1565,12,16,,
1566,12,16,,
1567,12,16,,
1568,12,16,,
1569,12,16,,
1570,12,16,,
1571,12,16,,
1572,12,16,,
1573,12,16,,
1574,12,16,,
1575,12,16,,
1576,12,16,,
1577,12,16,,
1578,12,16,,
1579,12,16,,
1580,12,16,,
1581,12,16,,
1582,12,16,,
1583,12,16,,
1584,12,16,,
1585,12,16,,
1586,12,16,,
1587,12,16,,
1588,12,16,,
1589,12,16,,
1590,12,16,,
1591,12,16,,
1592,12,16,,
1593,12,16,,
1594,12,16,,
1595,12,16,,
1596,12,16,,
1597,12,16,,
1598,12,16,,
1599,12,16,,
1600,12,16,,
1601,12,16,,
1602,12,16,,
1603,12,16,,
1604,12,16,,
1605,12,16,,
1606,12,16,,
1607,12,16,,
1608,12,16,,
1609,12,16,,
1610,12,16,,
1611,12,16,,
1612,12,16,,
1613,12,16,,
1614,12,16,,
1615,12,16,,
1616,12,16,,
1617,12,16,,
1618,12,16,,
1619,12,16,,
1620,12,16,,
1621,12,16,,
1622,12,16,,
1623,12,16,,
1624,12,16,,
1625,12,16,,
1626,12,16,,
1627,12,16,,
1628,12,16,,
1629,12,16,,
1630,12,16,,
1631,12,16,,
1632,12,16,,
1633,12,16,,
1634,12,16,,
1635,12,16,,
1636,12,16,,
1637,12,16,,
1638,12,16,,
1639,12,16,,
1640,12,16,,
1641,12,16,,
1642,12,16,,
1643,12,16,,
1644,12,16,,
1645,12,16,,
1646,12,16,,
1647,12,16,,
1648,12,16,,
1649,12,16,,
1650,12,16,,
1651,12,16,,
1652,12,16,,
1653,12,16,,
1654,12,16,,
1655,12,16,,
1656,12,16,,
1657,12,16,,
1658,12,16,,
1659,12,16,,
1660,12,16,,
1661,12,16,,
1662,12,16,,
1663,12,16,,
1664,12,16,,
1665,12,16,,
1666,12,16,,
1667,12,16,,
1668,12,16,,
1669,12,16,,
1670,12,16,,
1671,12,16,,
1672,12,16,,
1673,12,16,,
1674,12,16,,
1675,12,16,,
1676,12,16,,
1677,12,16,,
1678,12,16,,
1679,12,16,,
1680,12,16,,
1681,12,16,,
1682,12,16,,
1683,12,16,,
1684,12,16,,
1685,12,16,,
1686,12,16,,
1687,12,16,,
1688,12,16,,
1689,12,16,,
1690,12,16,,
1691,12,16,,
1692,12,16,,
1693,12,16,,
1694,12,16,,
1695,12,16,,
1696,12,16,,
1697,12,16,,
1698,12,16,,
1699,12,16,,
1700,12,16,,
1701,12,16,,
1702,12,16,,
1703,12,16,,
1704,12,16,,
1705,12,16,,
1706,12,16,,
1707,12,16,,
1708,12,16,,
1709,12,16,,
1710,12,16,,
1711,12,16,,
1712,12,16,,
1713,12,16,,
1714,12,16,,
1715,12,16,,
1716,12,16,,
1717,12,16,,
1718,12,16,,
1719,12,16,,
1720,12,16,,
1721,12,16,,
1722,12,16,,
1723,12,16,,
1724,12,16,,
1725,12,16,,
1726,12,16,,
1727,12,16,,
1728,12,16,,
1729,12,16,,
1730,12,16,,
1731,12,16,,
1732,12,16,,
1733,12,16,,
1734,12,16,,
1735,12,16,,
1736,12,16,,
1737,12,16,,
1738,12,16,,
1739,12,16,,
1740,12,16,,
1741,12,16,,
1742,12,16,,
1743,12,16,,
1744,12,16,,
1745,12,16,,
1746,12,16,,
1747,12,16,,
1748,12,16,,
1749,12,16,,
1750,12,16,,
1751,12,16,,
1752,12,16,,
1753,12,16,,
1754,12,16,,
1755,12,16,,
1756,12,16,,
1757,12,16,,
1758,12,16,,
1759,12,16,,
1760,12,16,,
1761,12,16,,
1762,12,16,,
1763,12,16,,
1764,12,16,,
1765,12,16,,
1766,12,16,,
1767,12,16,,
1768,12,16,,
1769,12,16,,
1770,12,16,,
1771,12,16,,
1772,12,16,,
1773,12,16,,
1774,12,16,,
1775,12,16,,
1776,12,16,,
1777,12,16,,
1778,12,16,,
1779,12,16,,
1780,12,16,,
1781,12,16,,
1782,12,16,,
1783,12,16,,
1784,12,16,,
1785,12,16,,
1786,12,16,,
1787,12,16,,
1788,12,16,,
1789,12,16,,
1790,12,16,,
1791,12,16,,
1792,12,16,,
1793,12,16,,
1794,12,16,,
1795,12,16,,
1796,12,16,,
1797,12,16,,
1798,12,16,,
1799,12,16,,
1800,12,16,,
1801,12,16,,
1802,12,16,,
1803,12,16,,
1804,12,16,,
1805,12,16,,
1806,12,16,,
1807,12,16,,
1808,12,16,,
1809,12,16,,
1810,12,16,,
1811,12,16,,
1812,12,16,,
1813,12,16,,
1814,12,16,,
1815,12,16,,
1816,12,16,,
1817,12,16,,
1818,12,16,,
1819,12,16,,
1820,12,16,,
1821,12,16,,
1822,12,16,,
1823,12,16,,
1824,12,16,,
1825,12,16,,
1826,12,16,,
1827,12,16,,
1828,12,16,,
1829,12,16,,
1830,12,16,,
1831,12,16,,
1832,12,16,,
1833,12,16,,
1834,12,16,,
1835,12,16,,
1836,12,16,,
1837,12,16,,
1838,12,16,,
1839,12,16,,
1840,12,16,,
1841,12,16,,
1842,12,16,,
1843,12,16,,
1844,12,16,,
1845,12,16,,
1846,12,16,,
1847,12,16,,
1848,12,16,,
1849,12,16,,
1850,12,16,,
1851,12,16,,
1852,12,16,,
1853,12,16,,
1854,12,16,,
1855,12,16,,
1856,12,16,,
1857,12,16,,
1858,12,16,,
1859,12,16,,
1860,12,16,,
1861,12,16,,
1862,12,16,,
1863,12,16,,
1864,12,16,,
1865,12,16,,
1866,12,16,,
1867,12,16,,
1868,12,16,,
1869,12,16,,
1870,12,16,,
1871,12,16,,
1872,12,16,,
1873,12,16,,
1874,12,16,,
1875,12,16,,
1876,12,16,,
1877,12,16,,
1878,12,16,,
1879,12,16,,
1880,12,16,,
1881,12,16,,
1882,12,16,,
1883,12,16,,
1884,12,16,,
1885,12,16,,
1886,12,16,,
1887,12,16,,
1888,12,16,,
1889,12,16,,
1890,12,16,,
1891,12,16,,
1892,12,16,,
1893,12,16,,
1894,12,16,,
1895,12,16,,
1896,12,16,,
1897,12,16,,
1898,12,16,,
1899,12,16,,
1900,12,16,,
1901,12,16,,
1902,12,16,,
1903,12,16,,
1904,12,16,,
1905,12,16,,
1906,12,16,,
1907,12,16,,
1908,12,16,,
1909,12,16,,
1910,12,16,,
1911,12,16,,
1912,12,16,,
1913,12,16,,
1914,12,16,,
1915,12,16,,
1916,12,16,,
1917,12,16,,
1918,12,16,,
1919,12,16,,
1920,12,16,,
1921,12,16,,
1922,12,16,,
1923,12,16,,
1924,12,16,,
1925,12,16,,
1926,12,16,,
1927,12,16,,
1928,12,16,,
1929,12,16,,
1930,12,16,,
1931,12,16,,
1932,12,16,,
1933,12,16,,
1934,12,16,,
1935,12,16,,
1936,12,16,,
1937,12,16,,
1938,12,16,,
1939,12,16,,
1940,12,16,,
1941,12,16,,
1942,12,16,,
1943,12,16,,
1944,12,16,,
1945,12,16,,
1946,12,16,,
1947,12,16,,
1948,12,16,,
1949,12,16,,
1950,12,16,,
1951,12,16,,
1952,12,16,,
1953,12,16,,
1954,12,16,,
1955,12,16,,
1956,12,16,,
1957,12,16,,
1958,12,16,,
1959,12,16,,
1960,12,16,,
1961,12,16,,
1962,12,16,,
1963,12,16,,
1964,12,16,,
1965,12,16,,
1966,12,16,,
1967,12,16,,
1968,12,16,,
1969,12,16,,
1970,12,16,,
1971,12,16,,
1972,12,16,,
1973,12,16,,
1974,12,16,,
1975,12,16,,
1976,12,16,,
1977,12,16,,
1978,12,16,,
1979,12,16,,
1980,12,16,,
1981,12,16,,
1982,12,16,,
1983,12,16,,
1984,12,16,,
1985,12,16,,
1986,12,16,,
1987,12,16,,
1988,12,16,,
1989,12,16,,
1990,12,16,,
1991,12,16,,
1992,12,16,,
1993,12,16,,
1994,12,16,,
1995,12,16,,
1996,12,16,,
1997,12,16,,
1998,12,16,,
1999,12,16,,
2000,12,16,,
2001,12,16,,
2002,12,16,,
2003,12,16,,
2004,12,16,,
2005,12,16,,
2006,12,16,,
2007,12,16,,
2008,12,16,,
2009,12,16,,
2010,12,16,,
2011,12,16,,
2012,12,16,,
2013,12,16,,
2014,12,16,,
2015,12,16,,
2016,12,16,,
2017,12,16,,
2018,12,16,,
2019,12,16,,
2020,12,16,,
2021,12,16,,
2022,12,16,,
2023,12,16,,
2024,12,16,,
2025,12,16,,
2026,12,16,,
2027,12,16,,
2028,12,16,,
2029,12,16,,
2030,12,16,,
2031,12,16,,
2032,12,16,,
2033,12,16,,
2034,12,16,,
2035,12,16,,
2036,12,16,,
2037,12,16,,
2038,12,16,,
2039,12,16,,
2040,12,16,,
2041,12,16,,
2042,12,16,,
2043,12,16,,
2044,12,16,,
2045,12,16,,
2046,12,16,,
2047,12,16,,
2048,12,16,,
2049,12,16,,
2050,12,16,,
2051,12,16,,
2052,12,16,,
2053,12,16,,
2054,12,16,,
2055,12,16,,
2056,12,16,,
2057,12,16,,
2058,12,16,,
2059,12,16,,
2060,12,16,,
2061,12,16,,
2062,12,16,,
2063,12,16,,
2064,12,16,,
2065,12,16,,
2066,12,16,,
2067,12,16,,
2068,12,16,,
2069,12,16,,
2070,12,16,,
2071,12,16,,
2072,12,16,,
2073,12,16,,
2074,12,16,,
2075,12,16,,
2076,12,16,,
2077,12,16,,
2078,12,16,,
2079,12,16,,
2080,12,16,,
2081,12,16,,
2082,12,16,,
2083,12,16,,
2084,12,16,,
2085,12,16,,
2086,12,16,,
2087,12,16,,
2088,12,16,,
2089,12,16,,
2090,12,16,,
2091,12,16,,
2092,12,16,,
2093,12,16,,
2094,12,16,,
2095,12,16,,
2096,12,16,,
2097,12,16,,
2098,12,16,,
2099,12,16,,
2100,12,16,,
2101,12,16,,
2102,12,16,,
2103,12,16,,
2104,12,16,,
2105,12,16,,
2106,12,16,,
2107,12,16,,
2108,12,16,,
2109,12,16,,
2110,12,16,,
2111,12,16,,
2112,12,16,,
2113,12,16,,
2114,12,16,,
2115,12,16,,
2116,12,16,,
2117,12,16,,
2118,12,16,,
2119,12,16,,
2120,12,16,,
2121,12,16,,
2122,12,16,,
2123,12,16,,
2124,12,16,,
2125,12,16,,
2126,12,16,,
2127,12,16,,
2128,12,16,,
2129,12,16,,
2130,12,16,,
2131,12,16,,
2132,12,16,,
2133,12,16,,
2134,12,16,,
2135,12,16,,
2136,12,16,,
2137,12,16,,
2138,12,16,,
2139,12,16,,
2140,12,16,,
2141,12,16,,
2142,12,16,,
2143,12,16,,
2144,12,16,,
2145,12,16,,
2146,12,16,,
2147,12,16,,
2148,12,16,,
2149,12,16,,
2150,12,16,,
2151,12,16,,
2152,12,16,,
2153,12,16,,
2154,12,16,,
2155,12,16,,
2156,12,16,,
2157,12,16,,
2158,12,16,,
2159,12,16,,
2160,12,16,,
2161,12,16,,
2162,12,16,,
2163,12,16,,
2164,12,16,,
2165,12,16,,
2166,12,16,,
2167,12,16,,
2168,12,16,,
2169,12,16,,
2170,12,16,,
2171,12,16,,
2172,12,16,,
2173,12,16,,
2174,12,16,,
2175,12,16,,
2176,12,16,,
2177,12,16,,
2178,12,16,,
2179,12,16,,
2180,12,16,,
2181,12,16,,
2182,12,16,,
2183,12,16,,
2184,12,16,,
2185,12,16,,
2186,12,16,,
2187,12,16,,
2188,12,16,,
2189,12,16,,
2190,12,16,,
2191,12,16,,
2192,12,16,,
2193,12,16,,
2194,12,16,,
2195,12,16,,
2196,12,16,,
2197,12,16,,
2198,12,16,,
2199,12,16,,
2200,12,16,,
2201,12,16,,
2202,12,16,,
2203,12,16,,
2204,12,16,,
2205,12,16,,
2206,12,16,,
2207,12,16,,
2208,12,16,,
2209,12,16,,
2210,12,16,,
2211,12,16,,
2212,12,16,,
2213,12,16,,
2214,12,16,,
2215,12,16,,
2216,12,16,,
2217,12,16,,
2218,12,16,,
2219,12,16,,
2220,12,16,,
2221,12,16,,
2222,12,16,,
2223,12,16,,
2224,12,16,,
2225,12,16,,
2226,12,16,,
2227,12,16,,
2228,12,16,,
2229,12,16,,
2230,12,16,,
2231,12,16,,
2232,12,16,,
2233,12,16,,
2234,12,16,,
2235,12,16,,
2236,12,16,,
2237,12,16,,
2238,12,16,,
2239,12,16,,
2240,12,16,,
2241,12,16,,
2242,12,16,,
2243,12,16,,
2244,12,16,,
2245,12,16,,
2246,12,16,,
2247,12,16,,
2248,12,16,,
2249,12,16,,
2250,12,16,,
2251,12,16,,
2252,12,16,,
2253,12,16,,
2254,12,16,,
2255,12,16,,
2256,12,16,,
2257,12,16,,
2258,12,16,,
2259,12,16,,
2260,12,16,,
2261,12,16,,
2262,12,16,,
2263,12,16,,
2264,12,16,,
2265,12,16,,
2266,12,16,,
2267,12,16,,
2268,12,16,,
2269,12,16,,
2270,12,16,,
2271,12,16,,
2272,12,16,,
2273,12,16,,
2274,12,16,,
2275,12,16,,
2276,12,16,,
2277,12,16,,
2278,12,16,,
2279,12,16,,
2280,12,16,,
2281,12,16,,
2282,12,16,,
2283,12,16,,
2284,12,16,,
2285,12,16,,
2286,12,16,,
2287,12,16,,
2288,12,16,,
2289,12,16,,
2290,12,16,,
2291,12,16,,
2292,12,16,,
2293,12,16,,
2294,12,16,,
2295,12,16,,
2296,12,16,,
2297,12,16,,
2298,12,16,,
2299,12,16,,
2300,12,16,,
2301,12,16,,
2302,12,16,,
2303,12,16,,
2304,12,16,,
2305,12,16,,
2306,12,16,,
2307,12,16,,
2308,12,16,,
2309,12,16,,
2310,12,16,,
2311,12,16,,
2312,12,16,,
2313,12,16,,
2314,12,16,,
2315,12,16,,
2316,12,16,,
2317,12,16,,
2318,12,16,,
2319,12,16,,
2320,12,16,,
2321,12,16,,
2322,12,16,,
2323,12,16,,
2324,12,16,,
2325,12,16,,
2326,12,16,,
2327,12,16,,
2328,12,16,,
2329,12,16,,
2330,12,16,,
2331,12,16,,
2332,12,16,,
2333,12,16,,
2334,12,16,,
2335,12,16,,
2336,12,16,,
2337,12,16,,
2338,12,16,,
2339,12,16,,
2340,12,16,,
2341,12,16,,
2342,12,16,,
2343,12,16,,
2344,12,16,,
2345,12,16,,
2346,12,16,,
2347,12,16,,
2348,12,16,,
2349,12,16,,
2350,12,16,,
2351,12,16,,
2352,12,16,,
2353,12,16,,
2354,12,16,,
2355,12,16,,
2356,12,16,,
2357,12,16,,
2358,12,16,,
2359,12,16,,
2360,12,16,,
2361,12,16,,
2362,12,16,,
2363,12,16,,
2364,12,16,,
2365,12,16,,
2366,12,16,,
2367,12,16,,
2368,12,16,,
2369,12,16,,
2370,12,16,,
2371,12,16,,
2372,12,16,,
2373,12,16,,
2374,12,16,,
2375,12,16,,
2376,12,16,,
2377,12,16,,
2378,12,16,,
2379,12,16,,
2380,12,16,,
2381,12,16,,
2382,12,16,,
2383,12,16,,
2384,12,16,,
2385,12,16,,
2386,12,16,,
2387,12,16,,
2388,12,16,,
2389,12,16,,
2390,12,16,,
2391,12,16,,
2392,12,16,,
2393,12,16,,
2394,12,16,,
2395,12,16,,
2396,12,16,,
2397,12,16,,
2398,12,16,,
2399,12,16,,
2400,12,16,,
2401,12,16,,
2402,12,16,,
2403,12,16,,
2404,12,16,,
2405,12,16,,
2406,12,16,,
2407,12,16,,
2408,12,16,,
2409,12,16,,
2410,12,16,,
2411,12,16,,
2412,12,16,,
2413,12,16,,
2414,12,16,,
2415,12,16,,
2416,12,16,,
2417,12,16,,
2418,12,16,,
2419,12,16,,
2420,12,16,,
2421,12,16,,
2422,12,16,,
2423,12,16,,
2424,12,16,,
2425,12,16,,
2426,12,16,,
2427,12,16,,
2428,12,16,,
2429,12,16,,
2430,12,16,,
2431,12,16,,
2432,12,16,,
2433,12,16,,
2434,12,16,,
2435,12,16,,
2436,12,16,,
2437,12,16,,
2438,12,16,,
2439,12,16,,
2440,12,16,,
2441,12,16,,
2442,12,16,,
2443,12,16,,
2444,12,16,,
2445,12,16,,
2446,12,16,,
2447,12,16,,
2448,12,16,,
2449,12,16,,
2450,12,16,,
2451,12,16,,
2452,12,16,,
2453,12,16,,
2454,12,16,,
2455,12,16,,
2456,12,16,,
2457,12,16,,
2458,12,16,,
2459,12,16,,
2460,12,16,,
2461,12,16,,
2462,12,16,,
2463,12,16,,
2464,12,16,,
2465,12,16,,
2466,12,16,,
2467,12,16,,
2468,12,16,,
2469,12,16,,
2470,12,16,,
2471,12,16,,
2472,12,16,,
2473,12,16,,
2474,12,16,,
2475,12,16,,
2476,12,16,,
2477,12,16,,
2478,12,16,,
2479,12,16,,
2480,12,16,,
2481,12,16,,
2482,12,16,,
2483,12,16,,
2484,12,16,,
2485,12,16,,
2486,12,16,,
2487,12,16,,
2488,12,16,,
2489,12,16,,
2490,12,16,,
2491,12,16,,
2492,12,16,,
2493,12,16,,
2494,12,16,,
2495,12,16,,
2496,12,16,,
2497,12,16,,
2498,12,16,,
2499,12,16,,
2500,12,16,,
2501,12,16,,
2502,12,16,,
2503,12,16,,
2504,12,16,,
2505,12,16,,
2506,12,16,,
2507,12,16,,
2508,12,16,,
2509,12,16,,
2510,12,16,,
2511,12,16,,
2512,12,16,,
2513,12,16,,
2514,12,16,,
2515,12,16,,
2516,12,16,,
2517,12,16,,
2518,12,16,,
2519,12,16,,
2520,12,16,,
2521,12,16,,
2522,12,16,,
2523,12,16,,
2524,12,16,,
2525,12,16,,
2526,12,16,,
2527,12,16,,
2528,12,16,,
2529,12,16,,
2530,12,16,,
2531,12,16,,
2532,12,16,,
2533,12,16,,
2534,12,16,,
2535,12,16,,
2536,12,16,,
2537,12,16,,
2538,12,16,,
2539,12,16,,
2540,12,16,,
2541,12,16,,
2542,12,16,,
2543,12,16,,
2544,12,16,,
2545,12,16,,
2546,12,16,,
2547,12,16,,
2548,12,16,,
2549,12,16,,
2550,12,16,,
2551,12,16,,
2552,12,16,,
2553,12,16,,
2554,12,16,,
2555,12,16,,
2556,12,16,,
2557,12,16,,
2558,12,16,,
2559,12,16,,
2560,12,16,,
2561,12,16,,
2562,12,16,,
2563,12,16,,
2564,12,16,,
2565,12,16,,
2566,12,16,,
2567,12,16,,
2568,12,16,,
2569,12,16,,
2570,12,16,,
2571,12,16,,
2572,12,16,,
2573,12,16,,
2574,12,16,,
2575,12,16,,
2576,12,16,,
2577,12,16,,
2578,12,16,,
2579,12,16,,
2580,12,16,,
2581,12,16,,
2582,12,16,,
2583,12,16,,
2584,12,16,,
2585,12,16,,
2586,12,16,,
2587,12,16,,
2588,12,16,,
2589,12,16,,
2590,12,16,,
2591,12,16,,
2592,12,16,,
2593,12,16,,
2594,12,16,,
2595,12,16,,
2596,12,16,,
2597,12,16,,
2598,12,16,,
2599,12,16,,
2600,12,16,,
2601,12,16,,
2602,12,16,,
2603,12,16,,
2604,12,16,,
2605,12,16,,
2606,12,16,,
2607,12,16,,
2608,12,16,,
2609,12,16,,
2610,12,16,,
2611,12,16,,
2612,12,16,,
2613,12,16,,
2614,12,16,,
2615,12,16,,
2616,12,16,,
2617,12,16,,
2618,12,16,,
2619,12,16,,
2620,12,16,,
2621,12,16,,
2622,12,16,,
2623,12,16,,
2624,12,16,,
2625,12,16,,
2626,12,16,,
2627,12,16,,
2628,12,16,,
2629,12,16,,
2630,12,16,,
2631,12,16,,
2632,12,16,,
2633,12,16,,
2634,12,16,,
2635,12,16,,
2636,12,16,,
2637,12,16,,
2638,12,16,,
2639,12,16,,
2640,12,16,,
2641,12,16,,
2642,12,16,,
2643,12,16,,
2644,12,16,,
2645,12,16,,
2646,12,16,,
2647,12,16,,
2648,12,16,,
2649,12,16,,
2650,12,16,,
2651,12,16,,
2652,12,16,,
2653,12,16,,
2654,12,16,,
2655,12,16,,
2656,12,16,,
2657,12,16,,
2658,12,16,,
2659,12,16,,
2660,12,16,,
2661,12,16,,
2662,12,16,,
2663,12,16,,
2664,12,16,,
2665,12,16,,
2666,12,16,,
2667,12,16,,
2668,12,16,,
2669,12,16,,
2670,12,16,,
2671,12,16,,
2672,12,16,,
2673,12,16,,
2674,12,16,,
2675,12,16,,
2676,12,16,,
2677,12,16,,
2678,12,16,,
2679,12,16,,
2680,12,16,,
2681,12,16,,
2682,12,16,,
2683,12,16,,
2684,12,16,,
2685,12,16,,
2686,12,16,,
2687,12,16,,
2688,12,16,,
2689,12,16,,
2690,12,16,,
2691,12,16,,
2692,12,16,,
2693,12,16,,
2694,12,16,,
2695,12,16,,
2696,12,16,,
2697,12,16,,
2698,12,16,,
2699,12,16,,
2700,12,16,,
2701,12,16,,
2702,12,16,,
2703,12,16,,
2704,12,16,,
2705,12,16,,
2706,12,16,,
2707,12,16,,
2708,12,16,,
2709,12,16,,
2710,12,16,,
2711,12,16,,
2712,12,16,,
2713,12,16,,
2714,12,16,,
2715,12,16,,
2716,12,16,,
2717,12,16,,
2718,12,16,,
2719,12,16,,
2720,12,16,,
2721,12,16,,
2722,12,16,,
2723,12,16,,
2724,12,16,,
2725,12,16,,
2726,12,16,,
2727,12,16,,
2728,12,16,,
2729,12,16,,
2730,12,16,,
2731,12,16,,
2732,12,16,,
2733,12,16,,
2734,12,16,,
2735,12,16,,
2736,12,16,,
2737,12,16,,
2738,12,16,,
2739,12,16,,
2740,12,16,,
2741,12,16,,
2742,12,16,,
2743,12,16,,
2744,12,16,,
2745,12,16,,
2746,12,16,,
2747,12,16,,
2748,12,16,,
2749,12,16,,
2750,12,16,,
2751,12,16,,
2752,12,16,,
2753,12,16,,
2754,12,16,,
2755,12,16,,
2756,12,16,,
2757,12,16,,
2758,12,16,,
2759,12,16,,
2760,12,16,,
2761,12,16,,
2762,12,16,,
2763,12,16,,
2764,12,16,,
2765,12,16,,
2766,12,16,,
2767,12,16,,
2768,12,16,,
2769,12,16,,
2770,12,16,,
2771,12,16,,
2772,12,16,,
2773,12,16,,
2774,12,16,,
2775,12,16,,
2776,12,16,,
2777,12,16,,
2778,12,16,,
2779,12,16,,
2780,12,16,,
2781,12,16,,
2782,12,16,,
2783,12,16,,
2784,12,16,,
2785,12,16,,
2786,12,16,,
2787,12,16,,
2788,12,16,,
2789,12,16,,
2790,12,16,,
2791,12,16,,
2792,12,16,,
2793,12,16,,
2794,12,16,,
2795,12,16,,
2796,12,16,,
2797,12,16,,
2798,12,16,,
2799,12,16,,
2800,12,16,,
2801,12,16,,
2802,12,16,,
2803,12,16,,
2804,12,16,,
2805,12,16,,
2806,12,16,,
2807,12,16,,
2808,12,16,,
2809,12,16,,
2810,12,16,,
2811,12,16,,
2812,12,16,,
2813,12,16,,
2814,12,16,,
2815,12,16,,
2816,12,16,,
2817,12,16,,
2818,12,16,,
2819,12,16,,
2820,12,16,,
2821,12,16,,
2822,12,16,,
2823,12,16,,
2824,12,16,,
2825,12,16,,
2826,12,16,,
2827,12,16,,
2828,12,16,,
2829,12,16,,
2830,12,16,,
2831,12,16,,
2832,12,16,,
2833,12,16,,
2834,12,16,,
2835,12,16,,
2836,12,16,,
2837,12,16,,
2838,12,16,,
2839,12,16,,
2840,12,16,,
2841,12,16,,
2842,12,16,,
2843,12,16,,
2844,12,16,,
2845,12,16,,
2846,12,16,,
2847,12,16,,
2848,12,16,,
2849,12,16,,
2850,12,16,,
2851,12,16,,
2852,12,16,,
2853,12,16,,
2854,12,16,,
2855,12,16,,
2856,12,16,,
2857,12,16,,
2858,12,16,,
2859,12,16,,
2860,12,16,,
2861,12,16,,
2862,12,16,,
2863,12,16,,
2864,12,16,,
2865,12,16,,
2866,12,16,,
2867,12,16,,
2868,12,16,,
2869,12,16,,
2870,12,16,,
2871,12,16,,
2872,12,16,,
2873,12,16,,
2874,12,16,,
2875,12,16,,
2876,12,16,,
2877,12,16,,
2878,12,16,,
2879,12,16,,
2880,12,16,,
2881,12,16,,
2882,12,16,,
2883,12,16,,
2884,12,16,,
2885,12,16,,
2886,12,16,,
2887,12,16,,
2888,12,16,,
2889,12,16,,
2890,12,16,,
2891,12,16,,
2892,12,16,,
2893,12,16,,
2894,12,16,,
2895,12,16,,
2896,12,16,,
2897,12,16,,
2898,12,16,,
2899,12,16,,
2900,12,16,,
2901,12,16,,
2902,12,16,,
2903,12,16,,
2904,12,16,,
2905,12,16,,
2906,12,16,,
2907,12,16,,
2908,12,16,,
2909,12,16,,
2910,12,16,,
2911,12,16,,
2912,12,16,,
2913,12,16,,
2914,12,16,,
2915,12,16,,
2916,12,16,,
2917,12,16,,
2918,12,16,,
2919,12,16,,
2920,12,16,,
2921,12,16,,
2922,12,16,,
2923,12,16,,
2924,12,16,,
2925,12,16,,
2926,12,16,,
2927,12,16,,
2928,12,16,,
2929,12,16,,
2930,12,16,,
2931,12,16,,
2932,12,16,,
2933,12,16,,
2934,12,16,,
2935,12,16,,
2936,12,16,,
2937,12,16,,
2938,12,16,,
2939,12,16,,
2940,12,16,,
2941,12,16,,
2942,12,16,,
2943,12,16,,
2944,12,16,,
2945,12,16,,
2946,12,16,,
2947,12,16,,
2948,12,16,,
2949,12,16,,
2950,12,16,,
2951,12,16,,
2952,12,16,,
2953,12,16,,
2954,12,16,,
2955,12,16,,
2956,12,16,,
2957,12,16,,
2958,12,16,,
2959,12,16,,
2960,12,16,,
2961,12,16,,
2962,12,16,,
2963,12,16,,
2964,12,16,,
2965,12,16,,
2966,12,16,,
2967,12,16,,
2968,12,16,,
2969,12,16,,
2970,12,16,,
2971,12,16,,
2972,12,16,,
2973,12,16,,
2974,12,16,,
2975,12,16,,
2976,12,16,,
2977,12,16,,
2978,12,16,,
2979,12,16,,
2980,12,16,,
2981,12,16,,
2982,12,16,,
2983,12,16,,
2984,12,16,,
2985,12,16,,
2986,12,16,,
2987,12,16,,
2988,12,16,,
2989,12,16,,
2990,12,16,,
2991,12,16,,
2992,12,16,,
2993,12,16,,
2994,12,16,,
2995,12,16,,
2996,12,16,,
2997,12,16,,
2998,12,16,,
2999,12,16,,
3000,12,16,,
3001,12,16,,
3002,12,16,,
3003,12,16,,
3004,12,16,,
3005,12,16,,
3006,12,16,,
3007,12,16,,
3008,12,16,,
3009,12,16,,
3010,12,16,,
3011,12,16,,
3012,12,16,,
3013,12,16,,
3014,12,16,,
3015,12,16,,
3016,12,16,,
3017,12,16,,
3018,12,16,,
3019,12,16,,
3020,12,16,,
3021,12,16,,
3022,12,16,,
3023,12,16,,
3024,12,16,,
3025,12,16,,
3026,12,16,,
3027,12,16,,
3028,12,16,,
3029,12,16,,
3030,12,16,,
3031,12,16,,
3032,12,16,,
3033,12,16,,
3034,12,16,,
3035,12,16,,
3036,12,16,,
3037,12,16,,
3038,12,16,,
3039,12,16,,
3040,12,16,,
3041,12,16,,
3042,12,16,,
3043,12,16,,
3044,12,16,,
3045,12,16,,
3046,12,16,,
3047,12,16,,
3048,12,16,,
3049,12,16,,
3050,12,16,,
3051,12,16,,
3052,12,16,,
3053,12,16,,
3054,12,16,,
3055,12,16,,
3056,12,16,,
3057,12,16,,
3058,12,16,,
3059,12,16,,
3060,12,16,,
3061,12,16,,
3062,12,16,,
3063,12,16,,
3064,12,16,,
3065,12,16,,
3066,12,16,,
3067,12,16,,
3068,12,16,,
3069,12,16,,
3070,12,16,,
3071,12,16,,
3072,12,16,,
3073,12,16,,
3074,12,16,,
3075,12,16,,
3076,12,16,,
3077,12,16,,
3078,12,16,,
3079,12,16,,
3080,12,16,,
3081,12,16,,
3082,12,16,,
3083,12,16,,
3084,12,16,,
3085,12,16,,
3086,12,16,,
3087,12,16,,
3088,12,16,,
3089,12,16,,
3090,12,16,,
3091,12,16,,
3092,12,16,,
3093,12,16,,
3094,12,16,,
3095,12,16,,
3096,12,16,,
3097,12,16,,
3098,12,16,,
3099,12,16,,
3100,12,16,,
3101,12,16,,
3102,12,16,,
3103,12,16,,
3104,12,16,,
3105,12,16,,
3106,12,16,,
3107,12,16,,
3108,12,16,,
3109,12,16,,
3110,12,16,,
3111,12,16,,
3112,12,16,,
3113,12,16,,
3114,12,16,,
3115,12,16,,
3116,12,16,,
3117,12,16,,
3118,12,16,,
3119,12,16,,
3120,12,16,,
3121,12,16,,
3122,12,16,,
3123,12,16,,
3124,12,16,,
3125,12,16,,
3126,12,16,,
3127,12,16,,
3128,12,16,,
3129,12,16,,
3130,12,16,,
3131,12,16,,
3132,12,16,,
3133,12,16,,
3134,12,16,,
3135,12,16,,
3136,12,16,,
3137,12,16,,
3138,12,16,,
3139,12,16,,
3140,12,16,,
3141,12,16,,
3142,12,16,,
3143,12,16,,
3144,12,16,,
3145,12,16,,
3146,12,16,,
3147,12,16,,
3148,12,16,,
3149,12,16,,
3150,12,16,,
3151,12,16,,
3152,12,16,,
3153,12,16,,
3154,12,16,,
3155,12,16,,
3156,12,16,,
3157,12,16,,
3158,12,16,,
3159,12,16,,
3160,12,16,,
3161,12,16,,
3162,12,16,,
3163,12,16,,
3164,12,16,,
3165,12,16,,
3166,12,16,,
3167,12,16,,
3168,12,16,,
3169,12,16,,
3170,12,16,,
3171,12,16,,
3172,12,16,,
3173,12,16,,
3174,12,16,,
3175,12,16,,
3176,12,16,,
3177,12,16,,
3178,12,16,,
3179,12,16,,
3180,12,16,,
3181,12,16,,
3182,12,16,,
3183,12,16,,
3184,12,16,,
3185,12,16,,
3186,12,16,,
3187,12,16,,
3188,12,16,,
3189,12,16,,
3190,12,16,,
3191,12,16,,
3192,12,16,,
3193,12,16,,
3194,12,16,,
3195,12,16,,
3196,12,16,,
3197,12,16,,
3198,12,16,,
3199,12,16,,
3200,12,16,,
3201,12,16,,
3202,12,16,,
3203,12,16,,
3204,12,16,,
3205,12,16,,
3206,12,16,,
3207,12,16,,
3208,12,16,,
3209,12,16,,
3210,12,16,,
3211,12,16,,
3212,12,16,,
3213,12,16,,
3214,12,16,,
3215,12,16,,
3216,12,16,,
3217,12,16,,
3218,12,16,,
3219,12,16,,
3220,12,16,,
3221,12,16,,
3222,12,16,,
3223,12,16,,
3224,12,16,,
3225,12,16,,
3226,12,16,,
3227,12,16,,
3228,12,16,,
3229,12,16,,
3230,12,16,,
3231,12,16,,
3232,12,16,,
3233,12,16,,
3234,12,16,,
3235,12,16,,
3236,12,16,,
3237,12,16,,
3238,12,16,,
3239,12,16,,
3240,12,16,,
3241,12,16,,
3242,12,16,,
3243,12,16,,
3244,12,16,,
3245,12,16,,
3246,12,16,,
3247,12,16,,
3248,12,16,,
3249,12,16,,
3250,12,16,,
3251,12,16,,
3252,12,16,,
3253,12,16,,
3254,12,16,,
3255,12,16,,
3256,12,16,,
3257,12,16,,
3258,12,16,,
3259,12,16,,
3260,12,16,,
3261,12,16,,
3262,12,16,,
3263,12,16,,
3264,12,16,,
3265,12,16,,
3266,12,16,,
3267,12,16,,
3268,12,16,,
3269,12,16,,
3270,12,16,,
3271,12,16,,
3272,12,16,,
3273,12,16,,
3274,12,16,,
3275,12,16,,
3276,12,16,,
3277,12,16,,
3278,12,16,,
3279,12,16,,
3280,12,16,,
3281,12,16,,
3282,12,16,,
3283,12,16,,
3284,12,16,,
3285,12,16,,
3286,12,16,,
3287,12,16,,
3288,12,16,,
3289,12,16,,
3290,12,16,,
3291,12,16,,
3292,12,16,,
3293,12,16,,
3294,12,16,,
3295,12,16,,
3296,12,16,,
3297,12,16,,
3298,12,16,,
3299,12,16,,
3300,12,16,,
3301,12,16,,
3302,12,16,,
3303,12,16,,
3304,12,16,,
3305,12,16,,
3306,12,16,,
3307,12,16,,
3308,12,16,,
3309,12,16,,
3310,12,16,,
3311,12,16,,
3312,12,16,,
3313,12,16,,
3314,12,16,,
3315,12,16,,
3316,12,16,,
3317,12,16,,
3318,12,16,,
3319,12,16,,
3320,12,16,,
3321,12,16,,
3322,12,16,,
3323,12,16,,
3324,12,16,,
3325,12,16,,
3326,12,16,,
3327,12,16,,
3328,12,16,,
3329,12,16,,
3330,12,16,,
3331,12,16,,
3332,12,16,,
3333,12,16,,
3334,12,16,,
3335,12,16,,
3336,12,16,,
3337,12,16,,
3338,12,16,,
3339,12,16,,
3340,12,16,,
3341,12,16,,
3342,12,16,,
3343,12,16,,
3344,12,16,,
3345,12,16,,
3346,12,16,,
3347,12,16,,
3348,12,16,,
3349,12,16,,
3350,12,16,,
3351,12,16,,
3352,12,16,,
3353,12,16,,
3354,12,16,,
3355,12,16,,
3356,12,16,,
3357,12,16,,
3358,12,16,,
3359,12,16,,
3360,12,16,,
3361,12,16,,
3362,12,16,,
3363,12,16,,
3364,12,16,,
3365,12,16,,
3366,12,16,,
3367,12,16,,
3368,12,16,,
3369,12,16,,
3370,12,16,,
3371,12,16,,
3372,12,16,,
3373,12,16,,
3374,12,16,,
3375,12,16,,
3376,12,16,,
3377,12,16,,
3378,12,16,,
3379,12,16,,
3380,12,16,,
3381,12,16,,
3382,12,16,,
3383,12,16,,
3384,12,16,,
3385,12,16,,
3386,12,16,,
3387,12,16,,
3388,12,16,,
3389,12,16,,
3390,12,16,,
3391,12,16,,
3392,12,16,,
3393,12,16,,
3394,12,16,,
3395,12,16,,
3396,12,16,,
3397,12,16,,
3398,12,16,,
3399,12,16,,
3400,12,16,,
3401,12,16,,
3402,12,16,,
3403,12,16,,
3404,12,16,,
3405,12,16,,
3406,12,16,,
3407,12,16,,
3408,12,16,,
3409,12,16,,
3410,12,16,,
3411,12,16,,
3412,12,16,,
3413,12,16,,
3414,12,16,,
3415,12,16,,
3416,12,16,,
3417,12,16,,
3418,12,16,,
3419,12,16,,
3420,12,16,,
3421,12,16,,
3422,12,16,,
3423,12,16,,
3424,12,16,,
3425,12,16,,
3426,12,16,,
3427,12,16,,
3428,12,16,,
3429,12,16,,
3430,12,16,,
3431,12,16,,
3432,12,16,,
3433,12,16,,
3434,12,16,,
3435,12,16,,
3436,12,16,,
3437,12,16,,
3438,12,16,,
3439,12,16,,
3440,12,16,,
3441,12,16,,
3442,12,16,,
3443,12,16,,
3444,12,16,,
3445,12,16,,
3446,12,16,,
3447,12,16,,
3448,12,16,,
3449,12,16,,
3450,12,16,,
3451,12,16,,
3452,12,16,,
3453,12,16,,
3454,12,16,,
3455,12,16,,
3456,12,16,,
3457,12,16,,
3458,12,16,,
3459,12,16,,
3460,12,16,,
3461,12,16,,
3462,12,16,,
3463,12,16,,
3464,12,16,,
3465,12,16,,
3466,12,16,,
3467,12,16,,
3468,12,16,,
3469,12,16,,
3470,12,16,,
3471,12,16,,
3472,12,16,,
3473,12,16,,
3474,12,16,,
3475,12,16,,
3476,12,16,,
3477,12,16,,
3478,12,16,,
3479,12,16,,
3480,12,16,,
3481,12,16,,
3482,12,16,,
3483,12,16,,
3484,12,16,,
3485,12,16,,
3486,12,16,,
3487,12,16,,
3488,12,16,,
3489,12,16,,
3490,12,16,,
3491,12,16,,
3492,12,16,,
3493,12,16,,
3494,12,16,,
3495,12,16,,
3496,12,16,,
3497,12,16,,
3498,12,16,,
3499,12,16,,
3500,12,16,,
3501,12,16,,
3502,12,16,,
3503,12,16,,
3504,12,16,,
3505,12,16,,
3506,12,16,,
3507,12,16,,
3508,12,16,,
3509,12,16,,
3510,12,16,,
3511,12,16,,
3512,12,16,,
3513,12,16,,
3514,12,16,,
3515,12,16,,
3516,12,16,,
3517,12,16,,
3518,12,16,,
3519,12,16,,
3520,12,16,,
3521,12,16,,
3522,12,16,,
3523,12,16,,
3524,12,16,,
3525,12,16,,
3526,12,16,,
3527,12,16,,
3528,12,16,,
3529,12,16,,
3530,12,16,,
3531,12,16,,
3532,12,16,,
3533,12,16,,
3534,12,16,,
3535,12,16,,
3536,12,16,,
3537,12,16,,
3538,12,16,,
3539,12,16,,
3540,12,16,,
3541,12,16,,
3542,12,16,,
3543,12,16,,
3544,12,16,,
3545,12,16,,
3546,12,16,,
3547,12,16,,
3548,12,16,,
3549,12,16,,
3550,12,16,,
3551,12,16,,
3552,12,16,,
3553,12,16,,
3554,12,16,,
3555,12,16,,
3556,12,16,,
3557,12,16,,
3558,12,16,,
3559,12,16,,
3560,12,16,,
3561,12,16,,
3562,12,16,,
3563,12,16,,
3564,12,16,,
3565,12,16,,
3566,12,16,,
3567,12,16,,
3568,12,16,,
3569,12,16,,
3570,12,16,,
3571,12,16,,
3572,12,16,,
3573,12,16,,
3574,12,16,,
3575,12,16,,
3576,12,16,,
3577,12,16,,
3578,12,16,,
3579,12,16,,
3580,12,16,,
3581,12,16,,
3582,12,16,,
3583,12,16,,
3584,12,16,,
3585,12,16,,
3586,12,16,,
3587,12,16,,
3588,12,16,,
3589,12,16,,
3590,12,16,,
3591,12,16,,
3592,12,16,,
3593,12,16,,
3594,12,16,,
3595,12,16,,
3596,12,16,,
3597,12,16,,
3598,12,16,,
3599,12,16,,
3600,12,16,,
3601,12,16,,
3602,12,16,,
3603,12,16,,
3604,12,16,,
3605,12,16,,
3606,12,16,,
3607,12,16,,
3608,12,16,,
3609,12,16,,
3610,12,16,,
3611,12,16,,
3612,12,16,,
3613,12,16,,
3614,12,16,,
3615,12,16,,
3616,12,16,,
3617,12,16,,
3618,12,16,,
3619,12,16,,
3620,12,16,,
3621,12,16,,
3622,12,16,,
3623,12,16,,
3624,12,16,,
3625,12,16,,
3626,12,16,,
3627,12,16,,
3628,12,16,,
3629,12,16,,
3630,12,16,,
3631,12,16,,
3632,12,16,,
3633,12,16,,
3634,12,16,,
3635,12,16,,
3636,12,16,,
3637,12,16,,
3638,12,16,,
3639,12,16,,
3640,12,16,,
3641,12,16,,
3642,12,16,,
3643,12,16,,
3644,12,16,,
3645,12,16,,
3646,12,16,,
3647,12,16,,
3648,12,16,,
3649,12,16,,
3650,12,16,,
3651,12,16,,
3652,12,16,,
3653,12,16,,
3654,12,16,,
3655,12,16,,
3656,12,16,,
3657,12,16,,
3658,12,16,,
3659,12,16,,
3660,12,16,,
3661,12,16,,
3662,12,16,,
3663,12,16,,
3664,12,16,,
3665,12,16,,
3666,12,16,,
3667,12,16,,
3668,12,16,,
3669,12,16,,
3670,12,16,,
3671,12,16,,
3672,12,16,,
3673,12,16,,
3674,12,16,,
3675,12,16,,
3676,12,16,,
3677,12,16,,
3678,12,16,,
3679,12,16,,
3680,12,16,,
3681,12,16,,
3682,12,16,,
3683,12,16,,
3684,12,16,,
3685,12,16,,
3686,12,16,,
3687,12,16,,
3688,12,16,,
3689,12,16,,
3690,12,16,,
3691,12,16,,
3692,12,16,,
3693,12,16,,
3694,12,16,,
3695,12,16,,
3696,12,16,,
3697,12,16,,
3698,12,16,,
3699,12,16,,
3700,12,16,,
3701,12,16,,
3702,12,16,,
3703,12,16,,
3704,12,16,,
3705,12,16,,
3706,12,16,,
3707,12,16,,
3708,12,16,,
3709,12,16,,
3710,12,16,,
3711,12,16,,
3712,12,16,,
3713,12,16,,
3714,12,16,,
3715,12,16,,
3716,12,16,,
3717,12,16,,
3718,12,16,,
3719,12,16,,
3720,12,16,,
3721,12,16,,
3722,12,16,,
3723,12,16,,
3724,12,16,,
3725,12,16,,
3726,12,16,,
3727,12,16,,
3728,12,16,,
3729,12,16,,
3730,12,16,,
3731,12,16,,
3732,12,16,,
3733,12,16,,
3734,12,16,,
3735,12,16,,
3736,12,16,,
3737,12,16,,
3738,12,16,,
3739,12,16,,
3740,12,16,,
3741,12,16,,
3742,12,16,,
3743,12,16,,
3744,12,16,,
3745,12,16,,
3746,12,16,,
3747,12,16,,
3748,12,16,,
3749,12,16,,
3750,12,16,,
3751,12,16,,
3752,12,16,,
3753,12,16,,
3754,12,16,,
3755,12,16,,
3756,12,16,,
3757,12,16,,
3758,12,16,,
3759,12,16,,
3760,12,16,,
3761,12,16,,
3762,12,16,,
3763,12,16,,
3764,12,16,,
3765,12,16,,
3766,12,16,,
3767,12,16,,
3768,12,16,,
3769,12,16,,
3770,12,16,,
3771,12,16,,
3772,12,16,,
3773,12,16,,
3774,12,16,,
3775,12,16,,
3776,12,16,,
3777,12,16,,
3778,12,16,,
3779,12,16,,
3780,12,16,,
3781,12,16,,
3782,12,16,,
3783,12,16,,
3784,12,16,,
3785,12,16,,
3786,12,16,,
3787,12,16,,
3788,12,16,,
3789,12,16,,
3790,12,16,,
3791,12,16,,
3792,12,16,,
3793,12,16,,
3794,12,16,,
3795,12,16,,
3796,12,16,,
3797,12,16,,
3798,12,16,,
3799,12,16,,
3800,12,16,,
3801,12,16,,
3802,12,16,,
3803,12,16,,
3804,12,16,,
3805,12,16,,
3806,12,16,,
3807,12,16,,
3808,12,16,,
3809,12,16,,
3810,12,16,,
3811,12,16,,
3812,12,16,,
3813,12,16,,
3814,12,16,,
3815,12,16,,
3816,12,16,,
3817,12,16,,
3818,12,16,,
3819,12,16,,
3820,12,16,,
3821,12,16,,
3822,12,16,,
3823,12,16,,
3824,12,16,,
3825,12,16,,
3826,12,16,,
3827,12,16,,
3828,12,16,,
3829,12,16,,
3830,12,16,,
3831,12,16,,
3832,12,16,,
3833,12,16,,
3834,12,16,,
3835,12,16,,
3836,12,16,,
3837,12,16,,
3838,12,16,,
3839,12,16,,
3840,12,16,,
3841,12,16,,
3842,12,16,,
3843,12,16,,
3844,12,16,,
3845,12,16,,
3846,12,16,,
3847,12,16,,
3848,12,16,,
3849,12,16,,
3850,12,16,,
3851,12,16,,
3852,12,16,,
3853,12,16,,
3854,12,16,,
3855,12,16,,
3856,12,16,,
3857,12,16,,
3858,12,16,,
3859,12,16,,
3860,12,16,,
3861,12,16,,
3862,12,16,,
3863,12,16,,
3864,12,16,,
3865,12,16,,
3866,12,16,,
3867,12,16,,
3868,12,16,,
3869,12,16,,
3870,12,16,,
3871,12,16,,
3872,12,16,,
3873,12,16,,
3874,12,16,,
3875,12,16,,
3876,12,16,,
3877,12,16,,
3878,12,16,,
3879,12,16,,
3880,12,16,,
3881,12,16,,
3882,12,16,,
3883,12,16,,
3884,12,16,,
3885,12,16,,
3886,12,16,,
3887,12,16,,
3888,12,16,,
3889,12,16,,
3890,12,16,,
3891,12,16,,
3892,12,16,,
3893,12,16,,
3894,12,16,,
3895,12,16,,
3896,12,16,,
3897,12,16,,
3898,12,16,,
3899,12,16,,
3900,12,16,,
3901,12,16,,
3902,12,16,,
3903,12,16,,
3904,12,16,,
3905,12,16,,
3906,12,16,,
3907,12,16,,
3908,12,16,,
3909,12,16,,
3910,12,16,,
3911,12,16,,
3912,12,16,,
3913,12,16,,
3914,12,16,,
3915,12,16,,
3916,12,16,,
3917,12,16,,
3918,12,16,,
3919,12,16,,
3920,12,16,,
3921,12,16,,
3922,12,16,,
3923,12,16,,
3924,12,16,,
3925,12,16,,
3926,12,16,,
3927,12,16,,
3928,12,16,,
3929,12,16,,
3930,12,16,,
3931,12,16,,
3932,12,16,,
3933,12,16,,
3934,12,16,,
3935,12,16,,
3936,12,16,,
3937,12,16,,
3938,12,16,,
3939,12,16,,
3940,12,16,,
3941,12,16,,
3942,12,16,,
3943,12,16,,
3944,12,16,,
3945,12,16,,
3946,12,16,,
3947,12,16,,
3948,12,16,,
3949,12,16,,
3950,12,16,,
3951,12,16,,
3952,12,16,,
3953,12,16,,
3954,12,16,,
3955,12,16,,
3956,12,16,,
3957,12,16,,
3958,12,16,,
3959,12,16,,
3960,12,16,,
3961,12,16,,
3962,12,16,,
3963,12,16,,
3964,12,16,,
3965,12,16,,
3966,12,16,,
3967,12,16,,
3968,12,16,,
3969,12,16,,
3970,12,16,,
3971,12,16,,
3972,12,16,,
3973,12,16,,
3974,12,16,,
3975,12,16,,
3976,12,16,,
3977,12,16,,
3978,12,16,,
3979,12,16,,
3980,12,16,,
3981,12,16,,
3982,12,16,,
3983,12,16,,
3984,12,16,,
3985,12,16,,
3986,12,16,,
3987,12,16,,
3988,12,16,,
3989,12,16,,
3990,12,16,,
3991,12,16,,
3992,12,16,,
3993,12,16,,
3994,12,16,,
3995,12,16,,
3996,12,16,,
3997,12,16,,
3998,12,16,,
3999,12,16,,
4000,12,16,,
