writer_id,inst_path,gpds_path,shape_inst,shape_gpds,mad,frac_diff_gt10,ncc,verdict
3357,signature_verification/full_forg/forgeries_3357_9.jpg,SignatureGPDSSyntheticOffLine4000/firmasSINTESISmanuscritas/3357/cf-3357-13.jpg,220x155,793x392,0.3057,0.0002,0.9986,same image (re-encoded)
3322,signature_verification/full_org/original_3322_1.jpg,SignatureGPDSSyntheticOffLine4000/firmasSINTESISmanuscritas/3322/c-3322-08.jpg,220x155,775x573,0.3539,0.0012,0.9975,same image (re-encoded)
1850,signature_verification/full_forg/forgeries_1850_9.jpg,SignatureGPDSSyntheticOffLine4000/firmasSINTESISmanuscritas/1850/cf-1850-18.jpg,220x155,803x827,1.4432,0.0448,0.9803,distinct
1252,signature_verification/full_forg/forgeries_1252_13.jpg,SignatureGPDSSyntheticOffLine4000/firmasSINTESISmanuscritas/1252/cf-1252-09.jpg,220x155,884x588,0.3727,0.0013,0.9978,same image (re-encoded)
3000,signature_verification/full_forg/forgeries_3000_1.jpg,SignatureGPDSSyntheticOffLine4000/firmasSINTESISmanuscritas/3000/cf-3000-14.jpg,220x155,979x854,1.1648,0.0436,0.9871,distinct
975,signature_verification/full_forg/forgeries_975_1.jpg,SignatureGPDSSyntheticOffLine4000/firmasSINTESISmanuscritas/975/cf-975-24.jpg,220x155,1189x723,0.404,0.0074,0.9938,same image (re-encoded)
2256,signature_verification/full_forg/forgeries_2256_1.jpg,SignatureGPDSSyntheticOffLine4000/firmasSINTESISmanuscritas/2256/cf-2256-10.jpg,220x155,927x581,0.508,0.0043,0.9955,same image (re-encoded)
3129,signature_verification/full_org/original_3129_5.jpg,SignatureGPDSSyntheticOffLine4000/firmasSINTESISmanuscritas/3129/c-3129-17.jpg,220x155,861x425,0.7196,0.0206,0.9974,distinct
2961,signature_verification/full_forg/forgeries_2961_13.jpg,SignatureGPDSSyntheticOffLine4000/firmasSINTESISmanuscritas/2961/cf-2961-12.jpg,220x155,1318x522,1.399,0.0484,0.9926,distinct
2602,signature_verification/full_forg/forgeries_2602_9.jpg,SignatureGPDSSyntheticOffLine4000/firmasSINTESISmanuscritas/2602/cf-2602-04.jpg,220x155,858x420,0.6223,0.0219,0.998,distinct
1478,signature_verification/full_forg/forgeries_1478_13.jpg,SignatureGPDSSyntheticOffLine4000/firmasSINTESISmanuscritas/1478/cf-1478-18.jpg,220x155,735x431,1.2177,0.0456,0.9948,distinct
2098,signature_verification/full_forg/forgeries_2098_9.jpg,SignatureGPDSSyntheticOffLine4000/firmasSINTESISmanuscritas/2098/cf-2098-23.jpg,220x155,872x903,1.0746,0.0385,0.9848,distinct
3050,signature_verification/full_forg/forgeries_3050_13.jpg,SignatureGPDSSyntheticOffLine4000/firmasSINTESISmanuscritas/3050/cf-3050-02.jpg,220x155,1068x584,0.8859,0.0335,0.9923,distinct
2610,signature_verification/full_forg/forgeries_2610_5.jpg,SignatureGPDSSyntheticOffLine4000/firmasSINTESISmanuscritas/2610/cf-2610-05.jpg,220x155,1076x1030,1.3684,0.0506,0.9876,distinct
15,signature_verification/full_org/original_15_5.jpg,SignatureGPDSSyntheticOffLine4000/firmasSINTESISmanuscritas/015/c-015-15.jpg,220x155,821x557,0.7551,0.0282,0.9975,distinct
202,signature_verification/full_forg/forgeries_202_1.jpg,SignatureGPDSSyntheticOffLine4000/firmasSINTESISmanuscritas/202/cf-202-18.jpg,220x155,720x853,1.0234,0.0372,0.9883,distinct
3327,signature_verification/full_forg/forgeries_3327_13.jpg,SignatureGPDSSyntheticOffLine4000/firmasSINTESISmanuscritas/3327/cf-3327-29.jpg,220x155,907x419,0.3478,0.0056,0.999,same image (re-encoded)
1028,signature_verification/full_forg/forgeries_1028_5.jpg,SignatureGPDSSyntheticOffLine4000/firmasSINTESISmanuscritas/1028/cf-1028-11.jpg,220x155,857x333,0.6508,0.0214,0.9938,distinct
2237,signature_verification/full_forg/forgeries_2237_1.jpg,SignatureGPDSSyntheticOffLine4000/firmasSINTESISmanuscritas/2237/cf-2237-28.jpg,220x155,768x671,0.3598,0.0018,0.997,same image (re-encoded)
794,signature_verification/full_forg/forgeries_794_9.jpg,SignatureGPDSSyntheticOffLine4000/firmasSINTESISmanuscritas/794/cf-794-19.jpg,220x155,631x491,0.8193,0.0284,0.9985,distinct
2014,signature_verification/full_org/original_2014_9.jpg,SignatureGPDSSyntheticOffLine4000/firmasSINTESISmanuscritas/2014/c-2014-11.jpg,220x155,786x868,0.7336,0.0245,0.997,distinct
1391,signature_verification/full_org/original_1391_1.jpg,SignatureGPDSSyntheticOffLine4000/firmasSINTESISmanuscritas/1391/c-1391-20.jpg,220x155,948x357,0.3652,0.0008,0.998,same image (re-encoded)
1304,signature_verification/full_forg/forgeries_1304_1.jpg,SignatureGPDSSyntheticOffLine4000/firmasSINTESISmanuscritas/1304/cf-1304-07.jpg,220x155,1253x1016,1.2921,0.0489,0.9897,distinct
2326,signature_verification/full_org/original_2326_5.jpg,SignatureGPDSSyntheticOffLine4000/firmasSINTESISmanuscritas/2326/c-2326-23.jpg,220x155,807x408,0.4877,0.0038,0.9993,same image (re-encoded)
2664,signature_verification/full_org/original_2664_2.jpg,SignatureGPDSSyntheticOffLine4000/firmasSINTESISmanuscritas/2664/c-2664-02.jpg,220x155,699x322,0.6639,0.0222,0.9954,distinct
538,signature_verification/full_forg/forgeries_538_5.jpg,SignatureGPDSSyntheticOffLine4000/firmasSINTESISmanuscritas/538/cf-538-04.jpg,220x155,1082x720,0.5005,0.0167,0.9836,distinct
3481,signature_verification/full_org/original_3481_5.jpg,SignatureGPDSSyntheticOffLine4000/firmasSINTESISmanuscritas/3481/c-3481-15.jpg,220x155,676x570,0.5504,0.0012,0.9977,same image (re-encoded)
1715,signature_verification/full_org/original_1715_9.jpg,SignatureGPDSSyntheticOffLine4000/firmasSINTESISmanuscritas/1715/c-1715-19.jpg,220x155,1155x1004,0.6527,0.0216,0.9892,distinct
383,signature_verification/full_forg/forgeries_383_13.jpg,SignatureGPDSSyntheticOffLine4000/firmasSINTESISmanuscritas/383/cf-383-27.jpg,220x155,1013x399,0.2478,0.0003,0.9985,same image (re-encoded)
217,signature_verification/full_org/original_217_5.jpg,SignatureGPDSSyntheticOffLine4000/firmasSINTESISmanuscritas/217/c-217-11.jpg,220x155,986x555,0.3651,0.0025,0.9966,same image (re-encoded)
894,signature_verification/full_org/original_894_5.jpg,SignatureGPDSSyntheticOffLine4000/firmasSINTESISmanuscritas/894/c-894-15.jpg,220x155,785x623,1.2519,0.0457,0.997,distinct
1792,signature_verification/full_org/original_1792_9.jpg,SignatureGPDSSyntheticOffLine4000/firmasSINTESISmanuscritas/1792/c-1792-07.jpg,220x155,786x552,1.0342,0.0399,0.9971,distinct
3089,signature_verification/full_forg/forgeries_3089_9.jpg,SignatureGPDSSyntheticOffLine4000/firmasSINTESISmanuscritas/3089/cf-3089-04.jpg,220x155,1029x659,0.3817,0.0029,0.9962,same image (re-encoded)
3933,signature_verification/full_forg/forgeries_3933_13.jpg,SignatureGPDSSyntheticOffLine4000/firmasSINTESISmanuscritas/3933/cf-3933-15.jpg,220x155,936x564,0.6694,0.0122,0.9922,distinct
134,signature_verification/full_org/original_134_9.jpg,SignatureGPDSSyntheticOffLine4000/firmasSINTESISmanuscritas/134/c-134-06.jpg,220x155,536x427,0.4131,0.0103,0.999,distinct
1454,signature_verification/full_forg/forgeries_1454_1.jpg,SignatureGPDSSyntheticOffLine4000/firmasSINTESISmanuscritas/1454/cf-1454-04.jpg,220x155,743x613,1.1559,0.0453,0.9944,distinct
3723,signature_verification/full_forg/forgeries_3723_13.jpg,SignatureGPDSSyntheticOffLine4000/firmasSINTESISmanuscritas/3723/cf-3723-12.jpg,220x155,1242x491,0.4482,0.0083,0.9912,same image (re-encoded)
3351,signature_verification/full_forg/forgeries_3351_9.jpg,SignatureGPDSSyntheticOffLine4000/firmasSINTESISmanuscritas/3351/cf-3351-15.jpg,220x155,1290x675,0.9598,0.0371,0.993,distinct
116,signature_verification/full_org/original_116_1.jpg,SignatureGPDSSyntheticOffLine4000/firmasSINTESISmanuscritas/116/c-116-04.jpg,220x155,1210x553,0.729,0.026,0.9934,distinct
3677,signature_verification/full_org/original_3677_9.jpg,SignatureGPDSSyntheticOffLine4000/firmasSINTESISmanuscritas/3677/c-3677-11.jpg,220x155,1060x396,1.1011,0.0357,0.9982,distinct
727,signature_verification/full_forg/forgeries_727_1.jpg,SignatureGPDSSyntheticOffLine4000/firmasSINTESISmanuscritas/727/cf-727-18.jpg,220x155,1116x678,0.4078,0.0063,0.9941,same image (re-encoded)
1757,signature_verification/full_org/original_1757_1.jpg,SignatureGPDSSyntheticOffLine4000/firmasSINTESISmanuscritas/1757/c-1757-08.jpg,220x155,815x543,0.4123,0.0009,0.9976,same image (re-encoded)
39,signature_verification/full_org/original_39_5.jpg,SignatureGPDSSyntheticOffLine4000/firmasSINTESISmanuscritas/039/c-039-22.jpg,220x155,1113x489,0.7747,0.0277,0.989,distinct
206,signature_verification/full_forg/forgeries_206_9.jpg,SignatureGPDSSyntheticOffLine4000/firmasSINTESISmanuscritas/206/cf-206-21.jpg,220x155,1026x492,0.6437,0.0206,0.9972,distinct
2314,signature_verification/full_org/original_2314_9.jpg,SignatureGPDSSyntheticOffLine4000/firmasSINTESISmanuscritas/2314/c-2314-07.jpg,220x155,878x460,0.9899,0.0367,0.9881,distinct
3794,signature_verification/full_forg/forgeries_3794_5.jpg,SignatureGPDSSyntheticOffLine4000/firmasSINTESISmanuscritas/3794/cf-3794-23.jpg,220x155,676x685,0.6835,0.0253,0.996,distinct
3526,signature_verification/full_forg/forgeries_3526_13.jpg,SignatureGPDSSyntheticOffLine4000/firmasSINTESISmanuscritas/3526/cf-3526-19.jpg,220x155,1068x835,0.503,0.0073,0.9956,same image (re-encoded)
2628,signature_verification/full_forg/forgeries_2628_5.jpg,SignatureGPDSSyntheticOffLine4000/firmasSINTESISmanuscritas/2628/cf-2628-03.jpg,220x155,926x456,0.543,0.0164,0.9974,distinct
1648,signature_verification/full_forg/forgeries_1648_5.jpg,SignatureGPDSSyntheticOffLine4000/firmasSINTESISmanuscritas/1648/cf-1648-12.jpg,220x155,1140x651,0.8523,0.0316,0.9884,distinct
633,signature_verification/full_forg/forgeries_633_3.jpg,SignatureGPDSSyntheticOffLine4000/firmasSINTESISmanuscritas/633/cf-633-07.jpg,220x155,1076x538,21.9034,0.9513,0.9949,distinct
2637,signature_verification/full_org/original_2637_9.jpg,SignatureGPDSSyntheticOffLine4000/firmasSINTESISmanuscritas/2637/c-2637-10.jpg,220x155,1096x415,0.7357,0.0244,0.9977,distinct
788,signature_verification/full_org/original_788_1.jpg,SignatureGPDSSyntheticOffLine4000/firmasSINTESISmanuscritas/788/c-788-11.jpg,220x155,1150x641,1.5219,0.054,0.9924,distinct
546,signature_verification/full_org/original_546_5.jpg,SignatureGPDSSyntheticOffLine4000/firmasSINTESISmanuscritas/546/c-546-22.jpg,220x155,1031x633,0.7271,0.0254,0.9974,distinct
2560,signature_verification/full_forg/forgeries_2560_5.jpg,SignatureGPDSSyntheticOffLine4000/firmasSINTESISmanuscritas/2560/cf-2560-20.jpg,220x155,1112x789,0.5201,0.007,0.9953,same image (re-encoded)
1302,signature_verification/full_forg/forgeries_1302_9.jpg,SignatureGPDSSyntheticOffLine4000/firmasSINTESISmanuscritas/1302/cf-1302-23.jpg,220x155,1331x407,0.5231,0.0175,0.9931,distinct
3228,signature_verification/full_forg/forgeries_3228_5.jpg,SignatureGPDSSyntheticOffLine4000/firmasSINTESISmanuscritas/3228/cf-3228-15.jpg,220x155,679x486,0.6998,0.0272,0.9948,distinct
1459,signature_verification/full_org/original_1459_5.jpg,SignatureGPDSSyntheticOffLine4000/firmasSINTESISmanuscritas/1459/c-1459-06.jpg,220x155,1157x678,0.5999,0.0186,0.9867,distinct
1921,signature_verification/full_org/original_1921_3.jpg,SignatureGPDSSyntheticOffLine4000/firmasSINTESISmanuscritas/1921/c-1921-03.jpg,220x155,1070x397,9.0242,0.0564,0.9968,distinct
3422,signature_verification/full_forg/forgeries_3422_13.jpg,SignatureGPDSSyntheticOffLine4000/firmasSINTESISmanuscritas/3422/cf-3422-08.jpg,220x155,603x599,0.3828,0.0032,0.9953,same image (re-encoded)
99,signature_verification/full_forg/forgeries_99_14.jpg,SignatureGPDSSyntheticOffLine4000/firmasSINTESISmanuscritas/099/cf-099-20.jpg,220x155,926x852,1.5215,0.0471,0.9835,distinct
1121,signature_verification/full_org/original_1121_4.jpg,SignatureGPDSSyntheticOffLine4000/firmasSINTESISmanuscritas/1121/c-1121-18.jpg,220x155,859x593,13.9982,0.9537,0.995,distinct
1473,signature_verification/full_org/original_1473_1.jpg,SignatureGPDSSyntheticOffLine4000/firmasSINTESISmanuscritas/1473/c-1473-11.jpg,220x155,718x617,0.5076,0.0167,0.9976,distinct
322,signature_verification/full_org/original_322_7.jpg,SignatureGPDSSyntheticOffLine4000/firmasSINTESISmanuscritas/322/c-322-05.jpg,220x155,922x570,33.2288,0.9927,0.9961,distinct
2841,signature_verification/full_org/original_2841_5.jpg,SignatureGPDSSyntheticOffLine4000/firmasSINTESISmanuscritas/2841/c-2841-24.jpg,220x155,680x350,0.4627,0.0091,0.9983,same image (re-encoded)
3204,signature_verification/full_forg/forgeries_3204_13.jpg,SignatureGPDSSyntheticOffLine4000/firmasSINTESISmanuscritas/3204/cf-3204-10.jpg,220x155,1177x498,0.5493,0.0165,0.9971,distinct
2126,signature_verification/full_org/original_2126_5.jpg,SignatureGPDSSyntheticOffLine4000/firmasSINTESISmanuscritas/2126/c-2126-07.jpg,220x155,1049x666,0.8667,0.0314,0.986,distinct
3092,signature_verification/full_forg/forgeries_3092_1.jpg,SignatureGPDSSyntheticOffLine4000/firmasSINTESISmanuscritas/3092/cf-3092-16.jpg,220x155,697x591,0.4581,0.0011,0.9979,same image (re-encoded)
429,signature_verification/full_forg/forgeries_429_5.jpg,SignatureGPDSSyntheticOffLine4000/firmasSINTESISmanuscritas/429/cf-429-02.jpg,220x155,685x609,0.5517,0.0129,0.9984,distinct
434,signature_verification/full_org/original_434_3.jpg,SignatureGPDSSyntheticOffLine4000/firmasSINTESISmanuscritas/434/c-434-11.jpg,220x155,998x386,10.9931,0.1114,0.9937,distinct
3557,signature_verification/full_org/original_3557_7.jpg,SignatureGPDSSyntheticOffLine4000/firmasSINTESISmanuscritas/3557/c-3557-21.jpg,220x155,917x543,43.0101,0.9992,0.9963,distinct
217,signature_verification/full_org/original_217_9.jpg,SignatureGPDSSyntheticOffLine4000/firmasSINTESISmanuscritas/217/c-217-18.jpg,220x155,982x513,0.8018,0.0307,0.9907,distinct
283,signature_verification/full_org/original_283_5.jpg,SignatureGPDSSyntheticOffLine4000/firmasSINTESISmanuscritas/283/c-283-23.jpg,220x155,628x340,0.2044,0.0001,0.9989,same image (re-encoded)
1923,signature_verification/full_forg/forgeries_1923_1.jpg,SignatureGPDSSyntheticOffLine4000/firmasSINTESISmanuscritas/1923/cf-1923-13.jpg,220x155,988x576,0.725,0.0192,0.9983,distinct
2431,signature_verification/full_org/original_2431_5.jpg,SignatureGPDSSyntheticOffLine4000/firmasSINTESISmanuscritas/2431/c-2431-14.jpg,220x155,735x576,1.0538,0.0406,0.997,distinct
3372,signature_verification/full_forg/forgeries_3372_1.jpg,SignatureGPDSSyntheticOffLine4000/firmasSINTESISmanuscritas/3372/cf-3372-11.jpg,220x155,1032x502,0.6475,0.0165,0.9981,distinct
2201,signature_verification/full_org/original_2201_5.jpg,SignatureGPDSSyntheticOffLine4000/firmasSINTESISmanuscritas/2201/c-2201-06.jpg,220x155,870x484,1.0706,0.043,0.9947,distinct
405,signature_verification/full_forg/forgeries_405_1.jpg,SignatureGPDSSyntheticOffLine4000/firmasSINTESISmanuscritas/405/cf-405-08.jpg,220x155,1710x445,0.4123,0.0094,0.9936,same image (re-encoded)
3226,signature_verification/full_org/original_3226_9.jpg,SignatureGPDSSyntheticOffLine4000/firmasSINTESISmanuscritas/3226/c-3226-07.jpg,220x155,852x569,0.6661,0.0262,0.9959,distinct
3388,signature_verification/full_org/original_3388_1.jpg,SignatureGPDSSyntheticOffLine4000/firmasSINTESISmanuscritas/3388/c-3388-14.jpg,220x155,1036x487,0.8846,0.0291,0.9966,distinct
3303,signature_verification/full_forg/forgeries_3303_13.jpg,SignatureGPDSSyntheticOffLine4000/firmasSINTESISmanuscritas/3303/cf-3303-15.jpg,220x155,881x503,0.6571,0.0248,0.9948,distinct
2721,signature_verification/full_forg/forgeries_2721_5.jpg,SignatureGPDSSyntheticOffLine4000/firmasSINTESISmanuscritas/2721/cf-2721-30.jpg,220x155,868x299,0.2428,0.0001,0.9987,same image (re-encoded)
2051,signature_verification/full_org/original_2051_9.jpg,SignatureGPDSSyntheticOffLine4000/firmasSINTESISmanuscritas/2051/c-2051-24.jpg,220x155,780x510,0.8228,0.0223,0.998,distinct
2513,signature_verification/full_org/original_2513_1.jpg,SignatureGPDSSyntheticOffLine4000/firmasSINTESISmanuscritas/2513/c-2513-01.jpg,220x155,1071x628,0.8831,0.0325,0.9875,distinct
3600,signature_verification/full_org/original_3600_11.jpg,SignatureGPDSSyntheticOffLine4000/firmasSINTESISmanuscritas/3600/c-3600-19.jpg,220x155,738x523,35.8292,1.0,0.9865,distinct
3412,signature_verification/full_forg/forgeries_3412_1.jpg,SignatureGPDSSyntheticOffLine4000/firmasSINTESISmanuscritas/3412/cf-3412-13.jpg,220x155,869x665,0.6672,0.025,0.9971,distinct
1520,signature_verification/full_forg/forgeries_1520_1.jpg,SignatureGPDSSyntheticOffLine4000/firmasSINTESISmanuscritas/1520/cf-1520-30.jpg,220x155,560x612,0.2491,0.0003,0.9984,same image (re-encoded)
3193,signature_verification/full_forg/forgeries_3193_13.jpg,SignatureGPDSSyntheticOffLine4000/firmasSINTESISmanuscritas/3193/cf-3193-28.jpg,220x155,1091x522,1.2286,0.0457,0.9949,distinct
3694,signature_verification/full_forg/forgeries_3694_13.jpg,SignatureGPDSSyntheticOffLine4000/firmasSINTESISmanuscritas/3694/cf-3694-24.jpg,220x155,842x684,0.6177,0.0038,0.9967,same image (re-encoded)
1663,signature_verification/full_forg/forgeries_1663_9.jpg,SignatureGPDSSyntheticOffLine4000/firmasSINTESISmanuscritas/1663/cf-1663-22.jpg,220x155,719x706,0.3673,0.0018,0.9974,same image (re-encoded)
1328,signature_verification/full_forg/forgeries_1328_9.jpg,SignatureGPDSSyntheticOffLine4000/firmasSINTESISmanuscritas/1328/cf-1328-29.jpg,220x155,866x611,1.107,0.0401,0.9966,distinct
3262,signature_verification/full_forg/forgeries_3262_1.jpg,SignatureGPDSSyntheticOffLine4000/firmasSINTESISmanuscritas/3262/cf-3262-11.jpg,220x155,702x526,0.4113,0.0068,0.9921,same image (re-encoded)
710,signature_verification/full_forg/forgeries_710_9.jpg,SignatureGPDSSyntheticOffLine4000/firmasSINTESISmanuscritas/710/cf-710-25.jpg,220x155,901x1039,1.5033,0.0515,0.9844,distinct
3085,signature_verification/full_org/original_3085_5.jpg,SignatureGPDSSyntheticOffLine4000/firmasSINTESISmanuscritas/3085/c-3085-07.jpg,220x155,579x316,0.141,0.0004,0.9964,same image (re-encoded)
3565,signature_verification/full_forg/forgeries_3565_13.jpg,SignatureGPDSSyntheticOffLine4000/firmasSINTESISmanuscritas/3565/cf-3565-23.jpg,220x155,627x382,0.2607,0.0048,0.9982,same image (re-encoded)
572,signature_verification/full_forg/forgeries_572_5.jpg,SignatureGPDSSyntheticOffLine4000/firmasSINTESISmanuscritas/572/cf-572-08.jpg,220x155,923x1141,0.444,0.0109,0.9919,distinct
3419,signature_verification/full_forg/forgeries_3419_5.jpg,SignatureGPDSSyntheticOffLine4000/firmasSINTESISmanuscritas/3419/cf-3419-06.jpg,220x155,894x686,0.8909,0.0361,0.9952,distinct
641,signature_verification/full_forg/forgeries_641_1.jpg,SignatureGPDSSyntheticOffLine4000/firmasSINTESISmanuscritas/641/cf-641-15.jpg,220x155,928x603,1.2156,0.0446,0.9966,distinct
418,signature_verification/full_org/original_418_5.jpg,SignatureGPDSSyntheticOffLine4000/firmasSINTESISmanuscritas/418/c-418-17.jpg,220x155,1250x697,1.6738,0.055,0.9933,distinct
41,signature_verification/full_forg/forgeries_41_5.jpg,SignatureGPDSSyntheticOffLine4000/firmasSINTESISmanuscritas/041/cf-041-07.jpg,220x155,891x532,0.4673,0.0011,0.9979,same image (re-encoded)
1799,signature_verification/full_org/original_1799_5.jpg,SignatureGPDSSyntheticOffLine4000/firmasSINTESISmanuscritas/1799/c-1799-01.jpg,220x155,1407x576,1.4962,0.05,0.9922,distinct
3886,signature_verification/full_org/original_3886_9.jpg,SignatureGPDSSyntheticOffLine4000/firmasSINTESISmanuscritas/3886/c-3886-05.jpg,220x155,953x267,0.7007,0.0223,0.998,distinct
1105,signature_verification/full_org/original_1105_1.jpg,SignatureGPDSSyntheticOffLine4000/firmasSINTESISmanuscritas/1105/c-1105-03.jpg,220x155,884x812,1.0122,0.0414,0.9932,distinct
3931,signature_verification/full_forg/forgeries_3931_5.jpg,SignatureGPDSSyntheticOffLine4000/firmasSINTESISmanuscritas/3931/cf-3931-08.jpg,220x155,1100x523,0.7933,0.03,0.9943,distinct
1632,signature_verification/full_org/original_1632_11.jpg,SignatureGPDSSyntheticOffLine4000/firmasSINTESISmanuscritas/1632/c-1632-01.jpg,220x155,915x448,24.3679,0.9982,0.9977,distinct
558,signature_verification/full_forg/forgeries_558_1.jpg,SignatureGPDSSyntheticOffLine4000/firmasSINTESISmanuscritas/558/cf-558-21.jpg,220x155,1153x810,0.5533,0.0174,0.9893,distinct
3228,signature_verification/full_forg/forgeries_3228_9.jpg,SignatureGPDSSyntheticOffLine4000/firmasSINTESISmanuscritas/3228/cf-3228-27.jpg,220x155,1026x513,0.6457,0.0163,0.9982,distinct
3114,signature_verification/full_forg/forgeries_3114_13.jpg,SignatureGPDSSyntheticOffLine4000/firmasSINTESISmanuscritas/3114/cf-3114-04.jpg,220x155,826x586,0.7969,0.0307,0.9958,distinct
1551,signature_verification/full_forg/forgeries_1551_5.jpg,SignatureGPDSSyntheticOffLine4000/firmasSINTESISmanuscritas/1551/cf-1551-02.jpg,220x155,863x676,0.3565,0.0022,0.9964,same image (re-encoded)
3511,signature_verification/full_forg/forgeries_3511_1.jpg,SignatureGPDSSyntheticOffLine4000/firmasSINTESISmanuscritas/3511/cf-3511-07.jpg,220x155,742x512,0.3712,0.0006,0.9979,same image (re-encoded)
3448,signature_verification/full_forg/forgeries_3448_15.jpg,SignatureGPDSSyntheticOffLine4000/firmasSINTESISmanuscritas/3448/cf-3448-29.jpg,220x155,579x304,35.7269,1.0,0.9989,distinct
3306,signature_verification/full_forg/forgeries_3306_13.jpg,SignatureGPDSSyntheticOffLine4000/firmasSINTESISmanuscritas/3306/cf-3306-12.jpg,220x155,770x415,0.517,0.0171,0.9983,distinct
1539,signature_verification/full_forg/forgeries_1539_5.jpg,SignatureGPDSSyntheticOffLine4000/firmasSINTESISmanuscritas/1539/cf-1539-15.jpg,220x155,834x695,1.0671,0.0383,0.9959,distinct
972,signature_verification/full_org/original_972_9.jpg,SignatureGPDSSyntheticOffLine4000/firmasSINTESISmanuscritas/972/c-972-04.jpg,220x155,1051x318,0.3679,0.0008,0.9987,same image (re-encoded)
3885,signature_verification/full_forg/forgeries_3885_13.jpg,SignatureGPDSSyntheticOffLine4000/firmasSINTESISmanuscritas/3885/cf-3885-17.jpg,220x155,795x285,0.1866,0.0,0.9991,same image (re-encoded)
3158,signature_verification/full_org/original_3158_1.jpg,SignatureGPDSSyntheticOffLine4000/firmasSINTESISmanuscritas/3158/c-3158-13.jpg,220x155,821x723,0.493,0.0112,0.9924,distinct
3613,signature_verification/full_org/original_3613_5.jpg,SignatureGPDSSyntheticOffLine4000/firmasSINTESISmanuscritas/3613/c-3613-06.jpg,220x155,897x470,0.5016,0.0075,0.9989,same image (re-encoded)
158,signature_verification/full_org/original_158_1.jpg,SignatureGPDSSyntheticOffLine4000/firmasSINTESISmanuscritas/158/c-158-02.jpg,220x155,858x574,1.2736,0.047,0.9972,distinct
1503,signature_verification/full_forg/forgeries_1503_5.jpg,SignatureGPDSSyntheticOffLine4000/firmasSINTESISmanuscritas/1503/cf-1503-01.jpg,220x155,732x528,0.8982,0.0339,0.9934,distinct
2406,signature_verification/full_org/original_2406_5.jpg,SignatureGPDSSyntheticOffLine4000/firmasSINTESISmanuscritas/2406/c-2406-24.jpg,220x155,863x585,0.3397,0.0009,0.9975,same image (re-encoded)
148,signature_verification/full_forg/forgeries_148_1.jpg,SignatureGPDSSyntheticOffLine4000/firmasSINTESISmanuscritas/148/cf-148-07.jpg,220x155,1242x746,0.5097,0.0174,0.9808,distinct
3879,signature_verification/full_org/original_3879_5.jpg,SignatureGPDSSyntheticOffLine4000/firmasSINTESISmanuscritas/3879/c-3879-18.jpg,220x155,943x554,0.7866,0.0301,0.9958,distinct
2857,signature_verification/full_forg/forgeries_2857_1.jpg,SignatureGPDSSyntheticOffLine4000/firmasSINTESISmanuscritas/2857/cf-2857-07.jpg,220x155,749x479,0.2755,0.0002,0.9982,same image (re-encoded)
671,signature_verification/full_forg/forgeries_671_1.jpg,SignatureGPDSSyntheticOffLine4000/firmasSINTESISmanuscritas/671/cf-671-28.jpg,220x155,1103x260,0.4721,0.0117,0.9987,distinct
3691,signature_verification/full_org/original_3691_9.jpg,SignatureGPDSSyntheticOffLine4000/firmasSINTESISmanuscritas/3691/c-3691-15.jpg,220x155,967x502,0.6753,0.0266,0.9922,distinct
2138,signature_verification/full_org/original_2138_5.jpg,SignatureGPDSSyntheticOffLine4000/firmasSINTESISmanuscritas/2138/c-2138-10.jpg,220x155,1371x558,1.258,0.0452,0.9951,distinct
1611,signature_verification/full_forg/forgeries_1611_1.jpg,SignatureGPDSSyntheticOffLine4000/firmasSINTESISmanuscritas/1611/cf-1611-25.jpg,220x155,1138x316,0.8294,0.0265,0.9894,distinct
1727,signature_verification/full_forg/forgeries_1727_1.jpg,SignatureGPDSSyntheticOffLine4000/firmasSINTESISmanuscritas/1727/cf-1727-23.jpg,220x155,1250x653,0.9765,0.036,0.9965,distinct
1875,signature_verification/full_forg/forgeries_1875_9.jpg,SignatureGPDSSyntheticOffLine4000/firmasSINTESISmanuscritas/1875/cf-1875-17.jpg,220x155,901x774,1.5404,0.0528,0.9916,distinct
2326,signature_verification/full_forg/forgeries_2326_13.jpg,SignatureGPDSSyntheticOffLine4000/firmasSINTESISmanuscritas/2326/cf-2326-05.jpg,220x155,694x550,1.0157,0.0379,0.9976,distinct
2095,signature_verification/full_org/original_2095_1.jpg,SignatureGPDSSyntheticOffLine4000/firmasSINTESISmanuscritas/2095/c-2095-09.jpg,220x155,901x599,0.9372,0.0346,0.9964,distinct
444,signature_verification/full_forg/forgeries_444_5.jpg,SignatureGPDSSyntheticOffLine4000/firmasSINTESISmanuscritas/444/cf-444-14.jpg,220x155,1056x674,1.1869,0.0407,0.9925,distinct
2108,signature_verification/full_org/original_2108_9.jpg,SignatureGPDSSyntheticOffLine4000/firmasSINTESISmanuscritas/2108/c-2108-17.jpg,220x155,738x322,0.1945,0.0001,0.9984,same image (re-encoded)
985,signature_verification/full_org/original_985_1.jpg,SignatureGPDSSyntheticOffLine4000/firmasSINTESISmanuscritas/985/c-985-06.jpg,220x155,899x593,0.9633,0.0378,0.9959,distinct
3744,signature_verification/full_forg/forgeries_3744_1.jpg,SignatureGPDSSyntheticOffLine4000/firmasSINTESISmanuscritas/3744/cf-3744-30.jpg,220x155,953x480,0.9488,0.0338,0.9971,distinct
3731,signature_verification/full_forg/forgeries_3731_13.jpg,SignatureGPDSSyntheticOffLine4000/firmasSINTESISmanuscritas/3731/cf-3731-04.jpg,220x155,856x476,0.8155,0.0306,0.9978,distinct
2799,signature_verification/full_org/original_2799_1.jpg,SignatureGPDSSyntheticOffLine4000/firmasSINTESISmanuscritas/2799/c-2799-01.jpg,220x155,897x536,0.5343,0.0021,0.9972,same image (re-encoded)
1802,signature_verification/full_forg/forgeries_1802_11.jpg,SignatureGPDSSyntheticOffLine4000/firmasSINTESISmanuscritas/1802/cf-1802-20.jpg,220x155,1120x374,14.7958,0.967,0.9924,distinct
3471,signature_verification/full_forg/forgeries_3471_9.jpg,SignatureGPDSSyntheticOffLine4000/firmasSINTESISmanuscritas/3471/cf-3471-22.jpg,220x155,1014x653,0.888,0.032,0.9952,distinct
2840,signature_verification/full_forg/forgeries_2840_9.jpg,SignatureGPDSSyntheticOffLine4000/firmasSINTESISmanuscritas/2840/cf-2840-13.jpg,220x155,533x282,0.2974,0.0047,0.9995,same image (re-encoded)
3855,signature_verification/full_org/original_3855_9.jpg,SignatureGPDSSyntheticOffLine4000/firmasSINTESISmanuscritas/3855/c-3855-22.jpg,220x155,858x703,0.9414,0.034,0.9973,distinct
2821,signature_verification/full_org/original_2821_9.jpg,SignatureGPDSSyntheticOffLine4000/firmasSINTESISmanuscritas/2821/c-2821-21.jpg,220x155,781x661,1.0128,0.0374,0.9949,distinct
2904,signature_verification/full_org/original_2904_7.jpg,SignatureGPDSSyntheticOffLine4000/firmasSINTESISmanuscritas/2904/c-2904-06.jpg,220x155,1012x671,9.2925,0.0593,0.9873,distinct
1087,signature_verification/full_forg/forgeries_1087_13.jpg,SignatureGPDSSyntheticOffLine4000/firmasSINTESISmanuscritas/1087/cf-1087-18.jpg,220x155,920x317,0.1358,0.0004,0.9982,same image (re-encoded)
221,signature_verification/full_org/original_221_9.jpg,SignatureGPDSSyntheticOffLine4000/firmasSINTESISmanuscritas/221/c-221-13.jpg,220x155,1105x477,0.7161,0.0235,0.9969,distinct
2020,signature_verification/full_org/original_2020_5.jpg,SignatureGPDSSyntheticOffLine4000/firmasSINTESISmanuscritas/2020/c-2020-19.jpg,220x155,969x727,1.3962,0.0482,0.9893,distinct
196,signature_verification/full_forg/forgeries_196_3.jpg,SignatureGPDSSyntheticOffLine4000/firmasSINTESISmanuscritas/196/cf-196-20.jpg,220x155,1106x327,9.6865,0.0349,0.9963,distinct
2950,signature_verification/full_org/original_2950_9.jpg,SignatureGPDSSyntheticOffLine4000/firmasSINTESISmanuscritas/2950/c-2950-10.jpg,220x155,980x466,1.2668,0.0452,0.9979,distinct
1117,signature_verification/full_forg/forgeries_1117_1.jpg,SignatureGPDSSyntheticOffLine4000/firmasSINTESISmanuscritas/1117/cf-1117-13.jpg,220x155,776x322,0.7023,0.0216,0.9984,distinct
3699,signature_verification/full_forg/forgeries_3699_1.jpg,SignatureGPDSSyntheticOffLine4000/firmasSINTESISmanuscritas/3699/cf-3699-17.jpg,220x155,705x684,0.7307,0.0295,0.9951,distinct
1105,signature_verification/full_forg/forgeries_1105_11.jpg,SignatureGPDSSyntheticOffLine4000/firmasSINTESISmanuscritas/1105/cf-1105-27.jpg,220x155,917x496,28.1812,0.9481,0.9968,distinct
3835,signature_verification/full_forg/forgeries_3835_9.jpg,SignatureGPDSSyntheticOffLine4000/firmasSINTESISmanuscritas/3835/cf-3835-16.jpg,220x155,1307x807,0.463,0.0094,0.9936,same image (re-encoded)
1053,signature_verification/full_org/original_1053_9.jpg,SignatureGPDSSyntheticOffLine4000/firmasSINTESISmanuscritas/1053/c-1053-15.jpg,220x155,878x557,0.7061,0.0215,0.998,distinct
1612,signature_verification/full_forg/forgeries_1612_13.jpg,SignatureGPDSSyntheticOffLine4000/firmasSINTESISmanuscritas/1612/cf-1612-03.jpg,220x155,829x719,0.4766,0.0135,0.987,distinct
2385,signature_verification/full_forg/forgeries_2385_9.jpg,SignatureGPDSSyntheticOffLine4000/firmasSINTESISmanuscritas/2385/cf-2385-12.jpg,220x155,999x405,0.3988,0.0022,0.9976,same image (re-encoded)
769,signature_verification/full_org/original_769_9.jpg,SignatureGPDSSyntheticOffLine4000/firmasSINTESISmanuscritas/769/c-769-22.jpg,220x155,793x603,0.3383,0.001,0.9981,same image (re-encoded)
142,signature_verification/full_forg/forgeries_142_9.jpg,SignatureGPDSSyntheticOffLine4000/firmasSINTESISmanuscritas/142/cf-142-06.jpg,220x155,1174x742,0.5548,0.0096,0.9946,same image (re-encoded)
1249,signature_verification/full_forg/forgeries_1249_5.jpg,SignatureGPDSSyntheticOffLine4000/firmasSINTESISmanuscritas/1249/cf-1249-08.jpg,220x155,1195x501,0.5636,0.0085,0.9948,same image (re-encoded)
3957,signature_verification/full_org/original_3957_11.jpg,SignatureGPDSSyntheticOffLine4000/firmasSINTESISmanuscritas/3957/c-3957-18.jpg,220x155,944x595,16.2677,0.9438,0.9948,distinct
3106,signature_verification/full_org/original_3106_1.jpg,SignatureGPDSSyntheticOffLine4000/firmasSINTESISmanuscritas/3106/c-3106-20.jpg,220x155,1229x578,0.9655,0.033,0.9961,distinct
1869,signature_verification/full_org/original_1869_9.jpg,SignatureGPDSSyntheticOffLine4000/firmasSINTESISmanuscritas/1869/c-1869-03.jpg,220x155,755x534,0.7858,0.022,0.998,distinct
2453,signature_verification/full_org/original_2453_1.jpg,SignatureGPDSSyntheticOffLine4000/firmasSINTESISmanuscritas/2453/c-2453-06.jpg,220x155,1161x703,1.2111,0.047,0.9901,distinct
2896,signature_verification/full_org/original_2896_1.jpg,SignatureGPDSSyntheticOffLine4000/firmasSINTESISmanuscritas/2896/c-2896-06.jpg,220x155,875x476,0.7864,0.0243,0.9974,distinct
1451,signature_verification/full_org/original_1451_1.jpg,SignatureGPDSSyntheticOffLine4000/firmasSINTESISmanuscritas/1451/c-1451-10.jpg,220x155,792x450,0.4304,0.0007,0.9981,same image (re-encoded)
1575,signature_verification/full_forg/forgeries_1575_5.jpg,SignatureGPDSSyntheticOffLine4000/firmasSINTESISmanuscritas/1575/cf-1575-05.jpg,220x155,847x286,0.2119,0.0001,0.9988,same image (re-encoded)
94,signature_verification/full_org/original_94_9.jpg,SignatureGPDSSyntheticOffLine4000/firmasSINTESISmanuscritas/094/c-094-02.jpg,220x155,668x424,0.6473,0.0098,0.9988,same image (re-encoded)
333,signature_verification/full_org/original_333_1.jpg,SignatureGPDSSyntheticOffLine4000/firmasSINTESISmanuscritas/333/c-333-05.jpg,220x155,1174x438,1.0115,0.0331,0.9854,distinct
2373,signature_verification/full_org/original_2373_9.jpg,SignatureGPDSSyntheticOffLine4000/firmasSINTESISmanuscritas/2373/c-2373-04.jpg,220x155,707x290,0.3181,0.004,0.999,same image (re-encoded)
3891,signature_verification/full_forg/forgeries_3891_15.jpg,SignatureGPDSSyntheticOffLine4000/firmasSINTESISmanuscritas/3891/cf-3891-27.jpg,220x155,1228x708,21.4863,0.9767,0.9776,distinct
3906,signature_verification/full_forg/forgeries_3906_9.jpg,SignatureGPDSSyntheticOffLine4000/firmasSINTESISmanuscritas/3906/cf-3906-24.jpg,220x155,893x448,0.6922,0.0126,0.9986,distinct
2827,signature_verification/full_org/original_2827_9.jpg,SignatureGPDSSyntheticOffLine4000/firmasSINTESISmanuscritas/2827/c-2827-13.jpg,220x155,795x375,0.3641,0.0042,0.9943,same image (re-encoded)
2580,signature_verification/full_forg/forgeries_2580_13.jpg,SignatureGPDSSyntheticOffLine4000/firmasSINTESISmanuscritas/2580/cf-2580-09.jpg,220x155,1200x386,0.394,0.0043,0.997,same image (re-encoded)
3538,signature_verification/full_forg/forgeries_3538_5.jpg,SignatureGPDSSyntheticOffLine4000/firmasSINTESISmanuscritas/3538/cf-3538-06.jpg,220x155,1097x335,0.4567,0.0138,0.989,distinct
1588,signature_verification/full_forg/forgeries_1588_13.jpg,SignatureGPDSSyntheticOffLine4000/firmasSINTESISmanuscritas/1588/cf-1588-21.jpg,220x155,792x719,1.2727,0.0475,0.987,distinct
577,signature_verification/full_forg/forgeries_577_3.jpg,SignatureGPDSSyntheticOffLine4000/firmasSINTESISmanuscritas/577/cf-577-09.jpg,220x155,791x627,15.5729,0.9618,0.9825,distinct
1695,signature_verification/full_forg/forgeries_1695_13.jpg,SignatureGPDSSyntheticOffLine4000/firmasSINTESISmanuscritas/1695/cf-1695-19.jpg,220x155,1056x549,0.4298,0.0041,0.9963,same image (re-encoded)
3695,signature_verification/full_forg/forgeries_3695_5.jpg,SignatureGPDSSyntheticOffLine4000/firmasSINTESISmanuscritas/3695/cf-3695-19.jpg,220x155,862x512,1.0755,0.041,0.9972,distinct
1848,signature_verification/full_org/original_1848_5.jpg,SignatureGPDSSyntheticOffLine4000/firmasSINTESISmanuscritas/1848/c-1848-14.jpg,220x155,715x527,0.6568,0.023,0.9908,distinct
168,signature_verification/full_org/original_168_9.jpg,SignatureGPDSSyntheticOffLine4000/firmasSINTESISmanuscritas/168/c-168-11.jpg,220x155,861x433,0.7504,0.0257,0.9897,distinct
1779,signature_verification/full_org/original_1779_1.jpg,SignatureGPDSSyntheticOffLine4000/firmasSINTESISmanuscritas/1779/c-1779-13.jpg,220x155,809x532,0.9044,0.0359,0.9962,distinct
1101,signature_verification/full_forg/forgeries_1101_5.jpg,SignatureGPDSSyntheticOffLine4000/firmasSINTESISmanuscritas/1101/cf-1101-27.jpg,220x155,1008x738,1.2544,0.0506,0.9962,distinct
1835,signature_verification/full_forg/forgeries_1835_13.jpg,SignatureGPDSSyntheticOffLine4000/firmasSINTESISmanuscritas/1835/cf-1835-21.jpg,220x155,746x667,0.9486,0.0354,0.9889,distinct
2660,signature_verification/full_forg/forgeries_2660_1.jpg,SignatureGPDSSyntheticOffLine4000/firmasSINTESISmanuscritas/2660/cf-2660-20.jpg,220x155,1304x850,0.7399,0.0204,0.9921,distinct
541,signature_verification/full_org/original_541_1.jpg,SignatureGPDSSyntheticOffLine4000/firmasSINTESISmanuscritas/541/c-541-12.jpg,220x155,931x413,0.3611,0.0004,0.9986,same image (re-encoded)
3529,signature_verification/full_org/original_3529_1.jpg,SignatureGPDSSyntheticOffLine4000/firmasSINTESISmanuscritas/3529/c-3529-04.jpg,220x155,823x373,0.5584,0.014,0.9975,distinct
1599,signature_verification/full_org/original_1599_1.jpg,SignatureGPDSSyntheticOffLine4000/firmasSINTESISmanuscritas/1599/c-1599-18.jpg,220x155,976x700,1.3204,0.0487,0.9865,distinct
3190,signature_verification/full_org/original_3190_1.jpg,SignatureGPDSSyntheticOffLine4000/firmasSINTESISmanuscritas/3190/c-3190-02.jpg,220x155,1666x677,1.1269,0.0406,0.9912,distinct
288,signature_verification/full_org/original_288_9.jpg,SignatureGPDSSyntheticOffLine4000/firmasSINTESISmanuscritas/288/c-288-17.jpg,220x155,1116x615,0.9831,0.0322,0.9852,distinct
2521,signature_verification/full_forg/forgeries_2521_11.jpg,SignatureGPDSSyntheticOffLine4000/firmasSINTESISmanuscritas/2521/cf-2521-23.jpg,220x155,959x555,22.6543,0.9974,0.9916,distinct
845,signature_verification/full_org/original_845_3.jpg,SignatureGPDSSyntheticOffLine4000/firmasSINTESISmanuscritas/845/c-845-19.jpg,220x155,847x891,16.0241,0.9768,0.9781,distinct
534,signature_verification/full_org/original_534_9.jpg,SignatureGPDSSyntheticOffLine4000/firmasSINTESISmanuscritas/534/c-534-12.jpg,220x155,868x609,0.8876,0.0315,0.979,distinct
2947,signature_verification/full_org/original_2947_1.jpg,SignatureGPDSSyntheticOffLine4000/firmasSINTESISmanuscritas/2947/c-2947-03.jpg,220x155,993x769,0.7074,0.0075,0.9961,same image (re-encoded)
1057,signature_verification/full_forg/forgeries_1057_13.jpg,SignatureGPDSSyntheticOffLine4000/firmasSINTESISmanuscritas/1057/cf-1057-19.jpg,220x155,399x313,0.211,0.0023,0.9995,same image (re-encoded)
1878,signature_verification/full_org/original_1878_5.jpg,SignatureGPDSSyntheticOffLine4000/firmasSINTESISmanuscritas/1878/c-1878-12.jpg,220x155,1197x804,1.1552,0.0459,0.9929,distinct
2280,signature_verification/full_org/original_2280_5.jpg,SignatureGPDSSyntheticOffLine4000/firmasSINTESISmanuscritas/2280/c-2280-13.jpg,220x155,847x527,0.365,0.0006,0.9981,same image (re-encoded)
1545,signature_verification/full_org/original_1545_11.jpg,SignatureGPDSSyntheticOffLine4000/firmasSINTESISmanuscritas/1545/c-1545-15.jpg,220x155,1332x692,14.5536,0.9552,0.9773,distinct
1391,signature_verification/full_forg/forgeries_1391_5.jpg,SignatureGPDSSyntheticOffLine4000/firmasSINTESISmanuscritas/1391/cf-1391-22.jpg,220x155,547x636,0.5429,0.0149,0.998,distinct
2330,signature_verification/full_forg/forgeries_2330_9.jpg,SignatureGPDSSyntheticOffLine4000/firmasSINTESISmanuscritas/2330/cf-2330-20.jpg,220x155,1123x607,0.4161,0.0052,0.9957,same image (re-encoded)
2559,signature_verification/full_forg/forgeries_2559_13.jpg,SignatureGPDSSyntheticOffLine4000/firmasSINTESISmanuscritas/2559/cf-2559-06.jpg,220x155,893x759,1.0928,0.0391,0.9917,distinct
840,signature_verification/full_org/original_840_3.jpg,SignatureGPDSSyntheticOffLine4000/firmasSINTESISmanuscritas/840/c-840-06.jpg,220x155,832x384,10.361,0.1128,0.9966,distinct
1230,signature_verification/full_forg/forgeries_1230_9.jpg,SignatureGPDSSyntheticOffLine4000/firmasSINTESISmanuscritas/1230/cf-1230-01.jpg,220x155,1060x273,0.4335,0.0125,0.9974,distinct
347,signature_verification/full_forg/forgeries_347_5.jpg,SignatureGPDSSyntheticOffLine4000/firmasSINTESISmanuscritas/347/cf-347-26.jpg,220x155,1033x651,0.9576,0.0334,0.9956,distinct
2287,signature_verification/full_org/original_2287_9.jpg,SignatureGPDSSyntheticOffLine4000/firmasSINTESISmanuscritas/2287/c-2287-16.jpg,220x155,980x667,0.4609,0.0083,0.9932,same image (re-encoded)
1017,signature_verification/full_org/original_1017_9.jpg,SignatureGPDSSyntheticOffLine4000/firmasSINTESISmanuscritas/1017/c-1017-18.jpg,220x155,629x271,0.3031,0.0057,0.9992,same image (re-encoded)
1735,signature_verification/full_org/original_1735_9.jpg,SignatureGPDSSyntheticOffLine4000/firmasSINTESISmanuscritas/1735/c-1735-15.jpg,220x155,1162x535,1.1177,0.0389,0.9915,distinct
971,signature_verification/full_forg/forgeries_971_1.jpg,SignatureGPDSSyntheticOffLine4000/firmasSINTESISmanuscritas/971/cf-971-07.jpg,220x155,1087x596,1.2484,0.0389,0.9804,distinct
16,signature_verification/full_org/original_16_5.jpg,SignatureGPDSSyntheticOffLine4000/firmasSINTESISmanuscritas/016/c-016-17.jpg,220x155,1019x603,1.2577,0.0443,0.9964,distinct
3942,signature_verification/full_org/original_3942_5.jpg,SignatureGPDSSyntheticOffLine4000/firmasSINTESISmanuscritas/3942/c-3942-21.jpg,220x155,793x757,0.4146,0.0044,0.9961,same image (re-encoded)
3070,signature_verification/full_org/original_3070_5.jpg,SignatureGPDSSyntheticOffLine4000/firmasSINTESISmanuscritas/3070/c-3070-17.jpg,220x155,915x620,1.0218,0.0392,0.9967,distinct
1574,signature_verification/full_org/original_1574_1.jpg,SignatureGPDSSyntheticOffLine4000/firmasSINTESISmanuscritas/1574/c-1574-17.jpg,220x155,1028x412,0.7784,0.0281,0.9953,distinct
2215,signature_verification/full_forg/forgeries_2215_13.jpg,SignatureGPDSSyntheticOffLine4000/firmasSINTESISmanuscritas/2215/cf-2215-07.jpg,220x155,654x801,0.8642,0.0335,0.9956,distinct
3815,signature_verification/full_org/original_3815_9.jpg,SignatureGPDSSyntheticOffLine4000/firmasSINTESISmanuscritas/3815/c-3815-05.jpg,220x155,805x527,1.0315,0.0377,0.9883,distinct
2262,signature_verification/full_forg/forgeries_2262_13.jpg,SignatureGPDSSyntheticOffLine4000/firmasSINTESISmanuscritas/2262/cf-2262-03.jpg,220x155,1224x396,0.9757,0.0321,0.9966,distinct
18,signature_verification/full_forg/forgeries_18_9.jpg,SignatureGPDSSyntheticOffLine4000/firmasSINTESISmanuscritas/018/cf-018-24.jpg,220x155,1473x619,1.212,0.0441,0.9887,distinct
2513,signature_verification/full_org/original_2513_9.jpg,SignatureGPDSSyntheticOffLine4000/firmasSINTESISmanuscritas/2513/c-2513-16.jpg,220x155,1046x494,0.648,0.018,0.9978,distinct
1533,signature_verification/full_forg/forgeries_1533_13.jpg,SignatureGPDSSyntheticOffLine4000/firmasSINTESISmanuscritas/1533/cf-1533-04.jpg,220x155,477x292,0.1956,0.0005,0.9994,same image (re-encoded)
1323,signature_verification/full_forg/forgeries_1323_1.jpg,SignatureGPDSSyntheticOffLine4000/firmasSINTESISmanuscritas/1323/cf-1323-18.jpg,220x155,1207x707,1.1847,0.0444,0.9871,distinct
459,signature_verification/full_org/original_459_1.jpg,SignatureGPDSSyntheticOffLine4000/firmasSINTESISmanuscritas/459/c-459-03.jpg,220x155,713x384,0.6534,0.0139,0.9983,distinct
2094,signature_verification/full_org/original_2094_1.jpg,SignatureGPDSSyntheticOffLine4000/firmasSINTESISmanuscritas/2094/c-2094-16.jpg,220x155,883x591,1.2404,0.0487,0.9952,distinct
3786,signature_verification/full_forg/forgeries_3786_3.jpg,SignatureGPDSSyntheticOffLine4000/firmasSINTESISmanuscritas/3786/cf-3786-26.jpg,220x155,980x627,32.0896,0.9864,0.9951,distinct
3552,signature_verification/full_org/original_3552_5.jpg,SignatureGPDSSyntheticOffLine4000/firmasSINTESISmanuscritas/3552/c-3552-22.jpg,220x155,1235x439,0.3889,0.0026,0.9975,same image (re-encoded)
948,signature_verification/full_org/original_948_9.jpg,SignatureGPDSSyntheticOffLine4000/firmasSINTESISmanuscritas/948/c-948-01.jpg,220x155,1296x467,0.6989,0.0188,0.9974,distinct
8,signature_verification/full_org/original_8_9.jpg,SignatureGPDSSyntheticOffLine4000/firmasSINTESISmanuscritas/008/c-008-10.jpg,220x155,965x568,0.3717,0.002,0.9972,same image (re-encoded)
491,signature_verification/full_forg/forgeries_491_1.jpg,SignatureGPDSSyntheticOffLine4000/firmasSINTESISmanuscritas/491/cf-491-04.jpg,220x155,1140x933,2.1047,0.0623,0.991,distinct
477,signature_verification/full_org/original_477_5.jpg,SignatureGPDSSyntheticOffLine4000/firmasSINTESISmanuscritas/477/c-477-18.jpg,220x155,887x463,0.3561,0.0074,0.987,distinct
2529,signature_verification/full_org/original_2529_9.jpg,SignatureGPDSSyntheticOffLine4000/firmasSINTESISmanuscritas/2529/c-2529-24.jpg,220x155,891x630,1.1113,0.0409,0.9957,distinct
2895,signature_verification/full_forg/forgeries_2895_3.jpg,SignatureGPDSSyntheticOffLine4000/firmasSINTESISmanuscritas/2895/cf-2895-03.jpg,220x155,1203x304,9.4579,0.0359,0.987,distinct
543,signature_verification/full_forg/forgeries_543_13.jpg,SignatureGPDSSyntheticOffLine4000/firmasSINTESISmanuscritas/543/cf-543-09.jpg,220x155,979x422,0.2837,0.0004,0.9984,same image (re-encoded)
2005,signature_verification/full_forg/forgeries_2005_1.jpg,SignatureGPDSSyntheticOffLine4000/firmasSINTESISmanuscritas/2005/cf-2005-30.jpg,220x155,1078x446,1.2066,0.0444,0.9965,distinct
2805,signature_verification/full_org/original_2805_9.jpg,SignatureGPDSSyntheticOffLine4000/firmasSINTESISmanuscritas/2805/c-2805-22.jpg,220x155,935x521,0.3949,0.0013,0.9979,same image (re-encoded)
612,signature_verification/full_forg/forgeries_612_1.jpg,SignatureGPDSSyntheticOffLine4000/firmasSINTESISmanuscritas/612/cf-612-17.jpg,220x155,1269x659,0.8654,0.0271,0.9631,distinct
2099,signature_verification/full_org/original_2099_11.jpg,SignatureGPDSSyntheticOffLine4000/firmasSINTESISmanuscritas/2099/c-2099-24.jpg,220x155,1445x545,9.1314,0.0528,0.9863,distinct
3800,signature_verification/full_org/original_3800_9.jpg,SignatureGPDSSyntheticOffLine4000/firmasSINTESISmanuscritas/3800/c-3800-06.jpg,220x155,730x731,1.0923,0.0417,0.9907,distinct
3550,signature_verification/full_org/original_3550_5.jpg,SignatureGPDSSyntheticOffLine4000/firmasSINTESISmanuscritas/3550/c-3550-17.jpg,220x155,1166x487,0.3554,0.0026,0.9964,same image (re-encoded)
3261,signature_verification/full_org/original_3261_5.jpg,SignatureGPDSSyntheticOffLine4000/firmasSINTESISmanuscritas/3261/c-3261-01.jpg,220x155,806x880,1.192,0.038,0.9865,distinct
3364,signature_verification/full_org/original_3364_9.jpg,SignatureGPDSSyntheticOffLine4000/firmasSINTESISmanuscritas/3364/c-3364-08.jpg,220x155,837x443,0.3214,0.0003,0.9985,same image (re-encoded)
1180,signature_verification/full_forg/forgeries_1180_5.jpg,SignatureGPDSSyntheticOffLine4000/firmasSINTESISmanuscritas/1180/cf-1180-30.jpg,220x155,1102x823,1.1579,0.047,0.9948,distinct
1954,signature_verification/full_forg/forgeries_1954_9.jpg,SignatureGPDSSyntheticOffLine4000/firmasSINTESISmanuscritas/1954/cf-1954-07.jpg,220x155,836x463,0.4272,0.0006,0.9985,same image (re-encoded)
1455,signature_verification/full_org/original_1455_7.jpg,SignatureGPDSSyntheticOffLine4000/firmasSINTESISmanuscritas/1455/c-1455-12.jpg,220x155,488x481,9.3178,0.0663,0.9958,distinct
2673,signature_verification/full_org/original_2673_5.jpg,SignatureGPDSSyntheticOffLine4000/firmasSINTESISmanuscritas/2673/c-2673-04.jpg,220x155,1004x660,0.3748,0.0083,0.9917,same image (re-encoded)
1657,signature_verification/full_org/original_1657_7.jpg,SignatureGPDSSyntheticOffLine4000/firmasSINTESISmanuscritas/1657/c-1657-08.jpg,220x155,1052x264,10.6711,0.8983,0.9969,distinct
2130,signature_verification/full_org/original_2130_1.jpg,SignatureGPDSSyntheticOffLine4000/firmasSINTESISmanuscritas/2130/c-2130-12.jpg,220x155,871x599,0.45,0.0026,0.9965,same image (re-encoded)
3322,signature_verification/full_forg/forgeries_3322_13.jpg,SignatureGPDSSyntheticOffLine4000/firmasSINTESISmanuscritas/3322/cf-3322-30.jpg,220x155,509x725,0.3595,0.0029,0.9967,same image (re-encoded)
649,signature_verification/full_org/original_649_1.jpg,SignatureGPDSSyntheticOffLine4000/firmasSINTESISmanuscritas/649/c-649-10.jpg,220x155,918x519,1.0269,0.0381,0.9972,distinct
3599,signature_verification/full_org/original_3599_9.jpg,SignatureGPDSSyntheticOffLine4000/firmasSINTESISmanuscritas/3599/c-3599-09.jpg,220x155,671x502,0.7571,0.03,0.9967,distinct
2565,signature_verification/full_forg/forgeries_2565_1.jpg,SignatureGPDSSyntheticOffLine4000/firmasSINTESISmanuscritas/2565/cf-2565-07.jpg,220x155,1380x524,0.4697,0.0039,0.9971,same image (re-encoded)
2160,signature_verification/full_org/original_2160_1.jpg,SignatureGPDSSyntheticOffLine4000/firmasSINTESISmanuscritas/2160/c-2160-19.jpg,220x155,793x544,0.593,0.0019,0.9972,same image (re-encoded)
651,signature_verification/full_org/original_651_5.jpg,SignatureGPDSSyntheticOffLine4000/firmasSINTESISmanuscritas/651/c-651-24.jpg,220x155,786x714,0.4774,0.0038,0.9962,same image (re-encoded)
157,signature_verification/full_forg/forgeries_157_1.jpg,SignatureGPDSSyntheticOffLine4000/firmasSINTESISmanuscritas/157/cf-157-27.jpg,220x155,742x525,1.139,0.0438,0.9976,distinct
1963,signature_verification/full_forg/forgeries_1963_1.jpg,SignatureGPDSSyntheticOffLine4000/firmasSINTESISmanuscritas/1963/cf-1963-19.jpg,220x155,1151x636,1.0733,0.0383,0.9855,distinct
2200,signature_verification/full_forg/forgeries_2200_9.jpg,SignatureGPDSSyntheticOffLine4000/firmasSINTESISmanuscritas/2200/cf-2200-20.jpg,220x155,956x365,0.5384,0.017,0.9978,distinct
1170,signature_verification/full_forg/forgeries_1170_1.jpg,SignatureGPDSSyntheticOffLine4000/firmasSINTESISmanuscritas/1170/cf-1170-13.jpg,220x155,1366x695,1.3622,0.043,0.9934,distinct
3747,signature_verification/full_org/original_3747_1.jpg,SignatureGPDSSyntheticOffLine4000/firmasSINTESISmanuscritas/3747/c-3747-20.jpg,220x155,1051x727,1.2994,0.0512,0.9961,distinct
2069,signature_verification/full_forg/forgeries_2069_1.jpg,SignatureGPDSSyntheticOffLine4000/firmasSINTESISmanuscritas/2069/cf-2069-16.jpg,220x155,784x434,0.6053,0.0104,0.9988,distinct
525,signature_verification/full_forg/forgeries_525_13.jpg,SignatureGPDSSyntheticOffLine4000/firmasSINTESISmanuscritas/525/cf-525-13.jpg,220x155,645x486,0.484,0.014,0.9977,distinct
2528,signature_verification/full_forg/forgeries_2528_1.jpg,SignatureGPDSSyntheticOffLine4000/firmasSINTESISmanuscritas/2528/cf-2528-26.jpg,220x155,908x619,0.4689,0.0021,0.9974,same image (re-encoded)
3956,signature_verification/full_org/original_3956_3.jpg,SignatureGPDSSyntheticOffLine4000/firmasSINTESISmanuscritas/3956/c-3956-20.jpg,220x155,1065x529,20.6111,0.9385,0.9904,distinct
1434,signature_verification/full_org/original_1434_9.jpg,SignatureGPDSSyntheticOffLine4000/firmasSINTESISmanuscritas/1434/c-1434-23.jpg,220x155,843x523,1.1433,0.0407,0.9873,distinct
1611,signature_verification/full_forg/forgeries_1611_7.jpg,SignatureGPDSSyntheticOffLine4000/firmasSINTESISmanuscritas/1611/cf-1611-07.jpg,220x155,1022x408,8.9381,0.049,0.9944,distinct
2210,signature_verification/full_org/original_2210_5.jpg,SignatureGPDSSyntheticOffLine4000/firmasSINTESISmanuscritas/2210/c-2210-12.jpg,220x155,944x626,0.7412,0.0297,0.9945,distinct
3679,signature_verification/full_org/original_3679_7.jpg,SignatureGPDSSyntheticOffLine4000/firmasSINTESISmanuscritas/3679/c-3679-10.jpg,220x155,1079x530,21.9655,0.9503,0.9944,distinct
2391,signature_verification/full_forg/forgeries_2391_9.jpg,SignatureGPDSSyntheticOffLine4000/firmasSINTESISmanuscritas/2391/cf-2391-09.jpg,220x155,849x498,0.3748,0.0039,0.9943,same image (re-encoded)
2703,signature_verification/full_org/original_2703_9.jpg,SignatureGPDSSyntheticOffLine4000/firmasSINTESISmanuscritas/2703/c-2703-19.jpg,220x155,1280x780,0.6811,0.0235,0.9878,distinct
3575,signature_verification/full_org/original_3575_1.jpg,SignatureGPDSSyntheticOffLine4000/firmasSINTESISmanuscritas/3575/c-3575-05.jpg,220x155,947x453,0.3688,0.0011,0.9981,same image (re-encoded)
1561,signature_verification/full_forg/forgeries_1561_5.jpg,SignatureGPDSSyntheticOffLine4000/firmasSINTESISmanuscritas/1561/cf-1561-27.jpg,220x155,900x591,0.6435,0.0194,0.9979,distinct
2879,signature_verification/full_forg/forgeries_2879_13.jpg,SignatureGPDSSyntheticOffLine4000/firmasSINTESISmanuscritas/2879/cf-2879-04.jpg,220x155,740x666,1.0676,0.0397,0.9954,distinct
3692,signature_verification/full_org/original_3692_1.jpg,SignatureGPDSSyntheticOffLine4000/firmasSINTESISmanuscritas/3692/c-3692-23.jpg,220x155,908x806,0.5752,0.0184,0.9828,distinct
1540,signature_verification/full_org/original_1540_1.jpg,SignatureGPDSSyntheticOffLine4000/firmasSINTESISmanuscritas/1540/c-1540-06.jpg,220x155,1080x476,1.0174,0.0382,0.9959,distinct
185,signature_verification/full_org/original_185_1.jpg,SignatureGPDSSyntheticOffLine4000/firmasSINTESISmanuscritas/185/c-185-18.jpg,220x155,618x351,0.16,0.0,0.9993,same image (re-encoded)
1080,signature_verification/full_forg/forgeries_1080_9.jpg,SignatureGPDSSyntheticOffLine4000/firmasSINTESISmanuscritas/1080/cf-1080-25.jpg,220x155,1002x633,0.9973,0.0383,0.9899,distinct
3166,signature_verification/full_org/original_3166_5.jpg,SignatureGPDSSyntheticOffLine4000/firmasSINTESISmanuscritas/3166/c-3166-16.jpg,220x155,945x695,0.4392,0.0086,0.9928,same image (re-encoded)
1284,signature_verification/full_org/original_1284_1.jpg,SignatureGPDSSyntheticOffLine4000/firmasSINTESISmanuscritas/1284/c-1284-18.jpg,220x155,774x481,0.7808,0.0288,0.9982,distinct
1302,signature_verification/full_forg/forgeries_1302_5.jpg,SignatureGPDSSyntheticOffLine4000/firmasSINTESISmanuscritas/1302/cf-1302-17.jpg,220x155,1256x299,0.2661,0.0033,0.9993,same image (re-encoded)
3792,signature_verification/full_org/original_3792_1.jpg,SignatureGPDSSyntheticOffLine4000/firmasSINTESISmanuscritas/3792/c-3792-03.jpg,220x155,1159x702,1.1866,0.0394,0.9936,distinct
3505,signature_verification/full_forg/forgeries_3505_5.jpg,SignatureGPDSSyntheticOffLine4000/firmasSINTESISmanuscritas/3505/cf-3505-28.jpg,220x155,863x389,0.9346,0.0282,0.9988,distinct
436,signature_verification/full_forg/forgeries_436_15.jpg,SignatureGPDSSyntheticOffLine4000/firmasSINTESISmanuscritas/436/cf-436-18.jpg,220x155,511x407,9.1449,0.0305,0.9937,distinct
905,signature_verification/full_forg/forgeries_905_1.jpg,SignatureGPDSSyntheticOffLine4000/firmasSINTESISmanuscritas/905/cf-905-13.jpg,220x155,1068x653,0.8892,0.0309,0.9949,distinct
3848,signature_verification/full_forg/forgeries_3848_13.jpg,SignatureGPDSSyntheticOffLine4000/firmasSINTESISmanuscritas/3848/cf-3848-10.jpg,220x155,1041x719,0.9016,0.0305,0.9892,distinct
3856,signature_verification/full_forg/forgeries_3856_5.jpg,SignatureGPDSSyntheticOffLine4000/firmasSINTESISmanuscritas/3856/cf-3856-23.jpg,220x155,819x317,0.1811,0.0012,0.9968,same image (re-encoded)
3984,signature_verification/full_org/original_3984_1.jpg,SignatureGPDSSyntheticOffLine4000/firmasSINTESISmanuscritas/3984/c-3984-13.jpg,220x155,688x443,0.7276,0.0254,0.9985,distinct
116,signature_verification/full_forg/forgeries_116_5.jpg,SignatureGPDSSyntheticOffLine4000/firmasSINTESISmanuscritas/116/cf-116-05.jpg,220x155,1079x493,0.4684,0.0163,0.9941,distinct
3719,signature_verification/full_org/original_3719_1.jpg,SignatureGPDSSyntheticOffLine4000/firmasSINTESISmanuscritas/3719/c-3719-20.jpg,220x155,841x554,0.562,0.0165,0.9979,distinct
2933,signature_verification/full_org/original_2933_5.jpg,SignatureGPDSSyntheticOffLine4000/firmasSINTESISmanuscritas/2933/c-2933-04.jpg,220x155,1129x497,0.9773,0.0316,0.9972,distinct
3181,signature_verification/full_org/original_3181_1.jpg,SignatureGPDSSyntheticOffLine4000/firmasSINTESISmanuscritas/3181/c-3181-10.jpg,220x155,818x432,0.9392,0.0325,0.9981,distinct
919,signature_verification/full_forg/forgeries_919_5.jpg,SignatureGPDSSyntheticOffLine4000/firmasSINTESISmanuscritas/919/cf-919-18.jpg,220x155,929x473,1.0318,0.0334,0.9972,distinct
3104,signature_verification/full_forg/forgeries_3104_7.jpg,SignatureGPDSSyntheticOffLine4000/firmasSINTESISmanuscritas/3104/cf-3104-09.jpg,220x155,1107x487,33.1099,0.9899,0.9965,distinct
3244,signature_verification/full_forg/forgeries_3244_5.jpg,SignatureGPDSSyntheticOffLine4000/firmasSINTESISmanuscritas/3244/cf-3244-27.jpg,220x155,698x555,0.9136,0.0343,0.9976,distinct
1124,signature_verification/full_forg/forgeries_1124_1.jpg,SignatureGPDSSyntheticOffLine4000/firmasSINTESISmanuscritas/1124/cf-1124-13.jpg,220x155,948x618,0.8677,0.0329,0.9957,distinct
3112,signature_verification/full_org/original_3112_1.jpg,SignatureGPDSSyntheticOffLine4000/firmasSINTESISmanuscritas/3112/c-3112-07.jpg,220x155,1183x361,0.5144,0.0151,0.9959,distinct
1660,signature_verification/full_forg/forgeries_1660_1.jpg,SignatureGPDSSyntheticOffLine4000/firmasSINTESISmanuscritas/1660/cf-1660-22.jpg,220x155,620x565,0.3893,0.0013,0.9972,same image (re-encoded)
1276,signature_verification/full_forg/forgeries_1276_13.jpg,SignatureGPDSSyntheticOffLine4000/firmasSINTESISmanuscritas/1276/cf-1276-09.jpg,220x155,879x564,0.4007,0.0072,0.9923,same image (re-encoded)
1002,signature_verification/full_forg/forgeries_1002_1.jpg,SignatureGPDSSyntheticOffLine4000/firmasSINTESISmanuscritas/1002/cf-1002-19.jpg,220x155,1005x819,0.6831,0.016,0.9925,distinct
185,signature_verification/full_forg/forgeries_185_5.jpg,SignatureGPDSSyntheticOffLine4000/firmasSINTESISmanuscritas/185/cf-185-15.jpg,220x155,680x378,0.2008,0.0,0.9991,same image (re-encoded)
3132,signature_verification/full_forg/forgeries_3132_13.jpg,SignatureGPDSSyntheticOffLine4000/firmasSINTESISmanuscritas/3132/cf-3132-10.jpg,220x155,448x311,0.1187,0.0,0.999,same image (re-encoded)
210,signature_verification/full_org/original_210_1.jpg,SignatureGPDSSyntheticOffLine4000/firmasSINTESISmanuscritas/210/c-210-09.jpg,220x155,526x392,0.2714,0.0,0.9987,same image (re-encoded)
3960,signature_verification/full_forg/forgeries_3960_15.jpg,SignatureGPDSSyntheticOffLine4000/firmasSINTESISmanuscritas/3960/cf-3960-19.jpg,220x155,951x433,10.4938,0.845,0.9965,distinct
1611,signature_verification/full_forg/forgeries_1611_3.jpg,SignatureGPDSSyntheticOffLine4000/firmasSINTESISmanuscritas/1611/cf-1611-25.jpg,220x155,1138x316,11.8038,0.9303,0.9858,distinct
3060,signature_verification/full_org/original_3060_6.jpg,SignatureGPDSSyntheticOffLine4000/firmasSINTESISmanuscritas/3060/c-3060-15.jpg,220x155,600x342,0.1868,0.0028,0.9985,same image (re-encoded)
3223,signature_verification/full_org/original_3223_9.jpg,SignatureGPDSSyntheticOffLine4000/firmasSINTESISmanuscritas/3223/c-3223-01.jpg,220x155,826x621,1.1037,0.041,0.9956,distinct
3111,signature_verification/full_org/original_3111_1.jpg,SignatureGPDSSyntheticOffLine4000/firmasSINTESISmanuscritas/3111/c-3111-14.jpg,220x155,850x580,0.5355,0.0012,0.9977,same image (re-encoded)
1221,signature_verification/full_forg/forgeries_1221_9.jpg,SignatureGPDSSyntheticOffLine4000/firmasSINTESISmanuscritas/1221/cf-1221-15.jpg,220x155,887x426,0.6804,0.023,0.9985,distinct
2404,signature_verification/full_org/original_2404_9.jpg,SignatureGPDSSyntheticOffLine4000/firmasSINTESISmanuscritas/2404/c-2404-18.jpg,220x155,938x622,0.5165,0.002,0.9977,same image (re-encoded)
273,signature_verification/full_org/original_273_1.jpg,SignatureGPDSSyntheticOffLine4000/firmasSINTESISmanuscritas/273/c-273-03.jpg,220x155,882x465,0.5459,0.0203,0.9966,distinct
579,signature_verification/full_org/original_579_1.jpg,SignatureGPDSSyntheticOffLine4000/firmasSINTESISmanuscritas/579/c-579-03.jpg,220x155,1170x336,0.6385,0.0201,0.9925,distinct
3031,signature_verification/full_org/original_3031_1.jpg,SignatureGPDSSyntheticOffLine4000/firmasSINTESISmanuscritas/3031/c-3031-23.jpg,220x155,1004x454,0.4361,0.0064,0.9989,same image (re-encoded)
1741,signature_verification/full_org/original_1741_1.jpg,SignatureGPDSSyntheticOffLine4000/firmasSINTESISmanuscritas/1741/c-1741-20.jpg,220x155,792x373,0.4157,0.006,0.9908,same image (re-encoded)
3297,signature_verification/full_forg/forgeries_3297_9.jpg,SignatureGPDSSyntheticOffLine4000/firmasSINTESISmanuscritas/3297/cf-3297-13.jpg,220x155,1239x819,2.0462,0.0648,0.9898,distinct
2128,signature_verification/full_forg/forgeries_2128_5.jpg,SignatureGPDSSyntheticOffLine4000/firmasSINTESISmanuscritas/2128/cf-2128-20.jpg,220x155,862x434,0.2054,0.0,0.9989,same image (re-encoded)
1350,signature_verification/full_org/original_1350_3.jpg,SignatureGPDSSyntheticOffLine4000/firmasSINTESISmanuscritas/1350/c-1350-24.jpg,220x155,830x494,15.0542,0.9167,0.9978,distinct
2491,signature_verification/full_forg/forgeries_2491_1.jpg,SignatureGPDSSyntheticOffLine4000/firmasSINTESISmanuscritas/2491/cf-2491-10.jpg,220x155,886x639,0.4343,0.0035,0.9959,same image (re-encoded)
253,signature_verification/full_forg/forgeries_253_13.jpg,SignatureGPDSSyntheticOffLine4000/firmasSINTESISmanuscritas/253/cf-253-24.jpg,220x155,552x239,0.1454,0.0003,0.9996,same image (re-encoded)
3278,signature_verification/full_org/original_3278_9.jpg,SignatureGPDSSyntheticOffLine4000/firmasSINTESISmanuscritas/3278/c-3278-11.jpg,220x155,678x356,0.638,0.0173,0.9988,distinct
1493,signature_verification/full_forg/forgeries_1493_5.jpg,SignatureGPDSSyntheticOffLine4000/firmasSINTESISmanuscritas/1493/cf-1493-22.jpg,220x155,1119x502,0.478,0.0028,0.9976,same image (re-encoded)
3647,signature_verification/full_org/original_3647_1.jpg,SignatureGPDSSyntheticOffLine4000/firmasSINTESISmanuscritas/3647/c-3647-12.jpg,220x155,1138x664,0.3623,0.0077,0.9927,same image (re-encoded)
3832,signature_verification/full_forg/forgeries_3832_9.jpg,SignatureGPDSSyntheticOffLine4000/firmasSINTESISmanuscritas/3832/cf-3832-28.jpg,220x155,867x610,0.5306,0.002,0.9975,same image (re-encoded)
831,signature_verification/full_forg/forgeries_831_13.jpg,SignatureGPDSSyntheticOffLine4000/firmasSINTESISmanuscritas/831/cf-831-21.jpg,220x155,623x413,0.4946,0.0033,0.9992,same image (re-encoded)
1354,signature_verification/full_forg/forgeries_1354_13.jpg,SignatureGPDSSyntheticOffLine4000/firmasSINTESISmanuscritas/1354/cf-1354-15.jpg,220x155,848x357,0.6963,0.0213,0.9983,distinct
3085,signature_verification/full_forg/forgeries_3085_9.jpg,SignatureGPDSSyntheticOffLine4000/firmasSINTESISmanuscritas/3085/cf-3085-04.jpg,220x155,532x283,0.1811,0.0001,0.9997,same image (re-encoded)
3989,signature_verification/full_forg/forgeries_3989_9.jpg,SignatureGPDSSyntheticOffLine4000/firmasSINTESISmanuscritas/3989/cf-3989-27.jpg,220x155,976x396,0.8391,0.0278,0.9977,distinct
2135,signature_verification/full_forg/forgeries_2135_9.jpg,SignatureGPDSSyntheticOffLine4000/firmasSINTESISmanuscritas/2135/cf-2135-10.jpg,220x155,1136x390,0.6789,0.0217,0.9981,distinct
3616,signature_verification/full_forg/forgeries_3616_13.jpg,SignatureGPDSSyntheticOffLine4000/firmasSINTESISmanuscritas/3616/cf-3616-21.jpg,220x155,1111x905,1.1643,0.0366,0.9911,distinct
3417,signature_verification/full_org/original_3417_5.jpg,SignatureGPDSSyntheticOffLine4000/firmasSINTESISmanuscritas/3417/c-3417-09.jpg,220x155,966x450,0.8872,0.0231,0.998,distinct
1958,signature_verification/full_forg/forgeries_1958_9.jpg,SignatureGPDSSyntheticOffLine4000/firmasSINTESISmanuscritas/1958/cf-1958-29.jpg,220x155,791x632,0.3525,0.0102,0.9825,distinct
3296,signature_verification/full_org/original_3296_1.jpg,SignatureGPDSSyntheticOffLine4000/firmasSINTESISmanuscritas/3296/c-3296-17.jpg,220x155,1044x463,0.962,0.0357,0.9965,distinct
3898,signature_verification/full_forg/forgeries_3898_5.jpg,SignatureGPDSSyntheticOffLine4000/firmasSINTESISmanuscritas/3898/cf-3898-05.jpg,220x155,454x274,0.2118,0.0028,0.9992,same image (re-encoded)
2139,signature_verification/full_org/original_2139_5.jpg,SignatureGPDSSyntheticOffLine4000/firmasSINTESISmanuscritas/2139/c-2139-18.jpg,220x155,651x473,0.7635,0.028,0.9983,distinct
551,signature_verification/full_org/original_551_1.jpg,SignatureGPDSSyntheticOffLine4000/firmasSINTESISmanuscritas/551/c-551-05.jpg,220x155,882x577,0.9737,0.0365,0.9971,distinct
1264,signature_verification/full_org/original_1264_9.jpg,SignatureGPDSSyntheticOffLine4000/firmasSINTESISmanuscritas/1264/c-1264-12.jpg,220x155,1173x606,0.5727,0.0057,0.9966,same image (re-encoded)
1437,signature_verification/full_org/original_1437_9.jpg,SignatureGPDSSyntheticOffLine4000/firmasSINTESISmanuscritas/1437/c-1437-19.jpg,220x155,972x318,0.433,0.0136,0.9971,distinct
121,signature_verification/full_org/original_121_1.jpg,SignatureGPDSSyntheticOffLine4000/firmasSINTESISmanuscritas/121/c-121-15.jpg,220x155,1058x352,1.2233,0.0424,0.9961,distinct
3508,signature_verification/full_org/original_3508_1.jpg,SignatureGPDSSyntheticOffLine4000/firmasSINTESISmanuscritas/3508/c-3508-19.jpg,220x155,1062x416,0.3472,0.0019,0.9974,same image (re-encoded)
3460,signature_verification/full_org/original_3460_9.jpg,SignatureGPDSSyntheticOffLine4000/firmasSINTESISmanuscritas/3460/c-3460-14.jpg,220x155,758x468,0.8633,0.0325,0.9979,distinct
3023,signature_verification/full_org/original_3023_9.jpg,SignatureGPDSSyntheticOffLine4000/firmasSINTESISmanuscritas/3023/c-3023-20.jpg,220x155,870x634,0.5179,0.0026,0.9968,same image (re-encoded)
419,signature_verification/full_org/original_419_1.jpg,SignatureGPDSSyntheticOffLine4000/firmasSINTESISmanuscritas/419/c-419-22.jpg,220x155,959x408,0.7888,0.0277,0.9972,distinct
3257,signature_verification/full_org/original_3257_9.jpg,SignatureGPDSSyntheticOffLine4000/firmasSINTESISmanuscritas/3257/c-3257-09.jpg,220x155,1071x593,1.6319,0.0578,0.9883,distinct
3774,signature_verification/full_org/original_3774_1.jpg,SignatureGPDSSyntheticOffLine4000/firmasSINTESISmanuscritas/3774/c-3774-22.jpg,220x155,1018x642,0.8232,0.0336,0.9959,distinct
1310,signature_verification/full_forg/forgeries_1310_9.jpg,SignatureGPDSSyntheticOffLine4000/firmasSINTESISmanuscritas/1310/cf-1310-02.jpg,220x155,1002x544,0.7903,0.0248,0.9977,distinct
512,signature_verification/full_forg/forgeries_512_5.jpg,SignatureGPDSSyntheticOffLine4000/firmasSINTESISmanuscritas/512/cf-512-06.jpg,220x155,883x312,0.2795,0.0006,0.998,same image (re-encoded)
3619,signature_verification/full_org/original_3619_1.jpg,SignatureGPDSSyntheticOffLine4000/firmasSINTESISmanuscritas/3619/c-3619-16.jpg,220x155,746x426,0.4391,0.0052,0.9991,same image (re-encoded)
2275,signature_verification/full_forg/forgeries_2275_9.jpg,SignatureGPDSSyntheticOffLine4000/firmasSINTESISmanuscritas/2275/cf-2275-12.jpg,220x155,648x335,0.2192,0.0,0.999,same image (re-encoded)
327,signature_verification/full_org/original_327_5.jpg,SignatureGPDSSyntheticOffLine4000/firmasSINTESISmanuscritas/327/c-327-12.jpg,220x155,626x612,0.4735,0.0068,0.9938,same image (re-encoded)
1764,signature_verification/full_org/original_1764_9.jpg,SignatureGPDSSyntheticOffLine4000/firmasSINTESISmanuscritas/1764/c-1764-23.jpg,220x155,862x591,1.1295,0.0419,0.997,distinct
1091,signature_verification/full_org/original_1091_9.jpg,SignatureGPDSSyntheticOffLine4000/firmasSINTESISmanuscritas/1091/c-1091-13.jpg,220x155,1202x445,0.4308,0.0045,0.9952,same image (re-encoded)
3721,signature_verification/full_forg/forgeries_3721_9.jpg,SignatureGPDSSyntheticOffLine4000/firmasSINTESISmanuscritas/3721/cf-3721-19.jpg,220x155,638x459,0.6202,0.0221,0.998,distinct
2896,signature_verification/full_org/original_2896_5.jpg,SignatureGPDSSyntheticOffLine4000/firmasSINTESISmanuscritas/2896/c-2896-03.jpg,220x155,952x593,0.5295,0.0107,0.9921,distinct
53,signature_verification/full_forg/forgeries_53_13.jpg,SignatureGPDSSyntheticOffLine4000/firmasSINTESISmanuscritas/053/cf-053-25.jpg,220x155,720x630,0.639,0.0191,0.9979,distinct
3847,signature_verification/full_forg/forgeries_3847_9.jpg,SignatureGPDSSyntheticOffLine4000/firmasSINTESISmanuscritas/3847/cf-3847-21.jpg,220x155,1179x824,0.7132,0.0165,0.9928,distinct
3959,signature_verification/full_org/original_3959_5.jpg,SignatureGPDSSyntheticOffLine4000/firmasSINTESISmanuscritas/3959/c-3959-24.jpg,220x155,901x303,0.2906,0.0002,0.9988,same image (re-encoded)
1232,signature_verification/full_forg/forgeries_1232_5.jpg,SignatureGPDSSyntheticOffLine4000/firmasSINTESISmanuscritas/1232/cf-1232-09.jpg,220x155,761x658,0.961,0.0263,0.9982,distinct
2935,signature_verification/full_forg/forgeries_2935_13.jpg,SignatureGPDSSyntheticOffLine4000/firmasSINTESISmanuscritas/2935/cf-2935-05.jpg,220x155,709x609,0.9006,0.034,0.9971,distinct
3228,signature_verification/full_forg/forgeries_3228_3.jpg,SignatureGPDSSyntheticOffLine4000/firmasSINTESISmanuscritas/3228/cf-3228-26.jpg,220x155,721x573,15.2378,0.9401,0.9879,distinct
2830,signature_verification/full_forg/forgeries_2830_9.jpg,SignatureGPDSSyntheticOffLine4000/firmasSINTESISmanuscritas/2830/cf-2830-27.jpg,220x155,637x431,0.2846,0.0015,0.9993,same image (re-encoded)
2914,signature_verification/full_forg/forgeries_2914_11.jpg,SignatureGPDSSyntheticOffLine4000/firmasSINTESISmanuscritas/2914/cf-2914-19.jpg,220x155,1115x861,11.435,0.1632,0.9922,distinct
463,signature_verification/full_forg/forgeries_463_1.jpg,SignatureGPDSSyntheticOffLine4000/firmasSINTESISmanuscritas/463/cf-463-15.jpg,220x155,1204x710,1.7722,0.0588,0.9933,distinct
3953,signature_verification/full_org/original_3953_9.jpg,SignatureGPDSSyntheticOffLine4000/firmasSINTESISmanuscritas/3953/c-3953-06.jpg,220x155,765x670,1.4834,0.0542,0.996,distinct
2155,signature_verification/full_forg/forgeries_2155_8.jpg,SignatureGPDSSyntheticOffLine4000/firmasSINTESISmanuscritas/2155/cf-2155-12.jpg,220x155,614x422,8.8237,0.0206,0.998,distinct
1249,signature_verification/full_org/original_1249_1.jpg,SignatureGPDSSyntheticOffLine4000/firmasSINTESISmanuscritas/1249/c-1249-22.jpg,220x155,854x449,0.4073,0.0023,0.9968,same image (re-encoded)
3256,signature_verification/full_org/original_3256_1.jpg,SignatureGPDSSyntheticOffLine4000/firmasSINTESISmanuscritas/3256/c-3256-11.jpg,220x155,942x540,1.1569,0.0408,0.9885,distinct
228,signature_verification/full_org/original_228_9.jpg,SignatureGPDSSyntheticOffLine4000/firmasSINTESISmanuscritas/228/c-228-05.jpg,220x155,555x310,0.1172,0.0,0.9982,same image (re-encoded)
1098,signature_verification/full_forg/forgeries_1098_9.jpg,SignatureGPDSSyntheticOffLine4000/firmasSINTESISmanuscritas/1098/cf-1098-08.jpg,220x155,1346x795,1.4447,0.0484,0.9779,distinct
821,signature_verification/full_forg/forgeries_821_15.jpg,SignatureGPDSSyntheticOffLine4000/firmasSINTESISmanuscritas/821/cf-821-25.jpg,220x155,476x443,9.0557,0.0359,0.9973,distinct
3054,signature_verification/full_org/original_3054_5.jpg,SignatureGPDSSyntheticOffLine4000/firmasSINTESISmanuscritas/3054/c-3054-19.jpg,220x155,1002x570,0.5432,0.0102,0.9924,distinct
2182,signature_verification/full_forg/forgeries_2182_1.jpg,SignatureGPDSSyntheticOffLine4000/firmasSINTESISmanuscritas/2182/cf-2182-06.jpg,220x155,1086x486,0.7686,0.0261,0.9971,distinct
405,signature_verification/full_forg/forgeries_405_9.jpg,SignatureGPDSSyntheticOffLine4000/firmasSINTESISmanuscritas/405/cf-405-06.jpg,220x155,1191x567,0.9518,0.0311,0.986,distinct
1913,signature_verification/full_forg/forgeries_1913_9.jpg,SignatureGPDSSyntheticOffLine4000/firmasSINTESISmanuscritas/1913/cf-1913-19.jpg,220x155,716x744,0.4175,0.0044,0.9957,same image (re-encoded)
2796,signature_verification/full_forg/forgeries_2796_9.jpg,SignatureGPDSSyntheticOffLine4000/firmasSINTESISmanuscritas/2796/cf-2796-30.jpg,220x155,898x561,0.5197,0.0013,0.9977,same image (re-encoded)
3434,signature_verification/full_org/original_3434_5.jpg,SignatureGPDSSyntheticOffLine4000/firmasSINTESISmanuscritas/3434/c-3434-11.jpg,220x155,778x478,0.5315,0.0084,0.9988,same image (re-encoded)
1646,signature_verification/full_org/original_1646_1.jpg,SignatureGPDSSyntheticOffLine4000/firmasSINTESISmanuscritas/1646/c-1646-20.jpg,220x155,1323x556,0.9767,0.032,0.9969,distinct
1432,signature_verification/full_forg/forgeries_1432_1.jpg,SignatureGPDSSyntheticOffLine4000/firmasSINTESISmanuscritas/1432/cf-1432-13.jpg,220x155,962x563,0.5119,0.0034,0.9968,same image (re-encoded)
2802,signature_verification/full_forg/forgeries_2802_5.jpg,SignatureGPDSSyntheticOffLine4000/firmasSINTESISmanuscritas/2802/cf-2802-23.jpg,220x155,883x893,0.3794,0.0032,0.9982,same image (re-encoded)
3100,signature_verification/full_org/original_3100_9.jpg,SignatureGPDSSyntheticOffLine4000/firmasSINTESISmanuscritas/3100/c-3100-08.jpg,220x155,1072x469,0.7385,0.0178,0.9983,distinct
3670,signature_verification/full_org/original_3670_3.jpg,SignatureGPDSSyntheticOffLine4000/firmasSINTESISmanuscritas/3670/c-3670-22.jpg,220x155,819x500,31.3139,1.0,0.9966,distinct
3373,signature_verification/full_org/original_3373_2.jpg,SignatureGPDSSyntheticOffLine4000/firmasSINTESISmanuscritas/3373/c-3373-07.jpg,220x155,750x687,0.8962,0.0357,0.9952,distinct
2221,signature_verification/full_forg/forgeries_2221_9.jpg,SignatureGPDSSyntheticOffLine4000/firmasSINTESISmanuscritas/2221/cf-2221-04.jpg,220x155,494x290,0.2742,0.0026,0.9989,same image (re-encoded)
1555,signature_verification/full_forg/forgeries_1555_9.jpg,SignatureGPDSSyntheticOffLine4000/firmasSINTESISmanuscritas/1555/cf-1555-12.jpg,220x155,783x702,0.8516,0.0352,0.9947,distinct
662,signature_verification/full_forg/forgeries_662_9.jpg,SignatureGPDSSyntheticOffLine4000/firmasSINTESISmanuscritas/662/cf-662-05.jpg,220x155,648x684,0.4289,0.0017,0.9969,same image (re-encoded)
3992,signature_verification/full_forg/forgeries_3992_9.jpg,SignatureGPDSSyntheticOffLine4000/firmasSINTESISmanuscritas/3992/cf-3992-10.jpg,220x155,959x498,0.8739,0.0326,0.9944,distinct
1057,signature_verification/full_forg/forgeries_1057_1.jpg,SignatureGPDSSyntheticOffLine4000/firmasSINTESISmanuscritas/1057/cf-1057-21.jpg,220x155,528x410,0.3262,0.0082,0.999,same image (re-encoded)
894,signature_verification/full_forg/forgeries_894_5.jpg,SignatureGPDSSyntheticOffLine4000/firmasSINTESISmanuscritas/894/cf-894-12.jpg,220x155,797x890,1.4238,0.0499,0.9917,distinct
755,signature_verification/full_org/original_755_1.jpg,SignatureGPDSSyntheticOffLine4000/firmasSINTESISmanuscritas/755/c-755-07.jpg,220x155,1228x694,1.1292,0.0367,0.9919,distinct
851,signature_verification/full_forg/forgeries_851_3.jpg,SignatureGPDSSyntheticOffLine4000/firmasSINTESISmanuscritas/851/cf-851-07.jpg,220x155,1207x537,21.5748,0.9337,0.9955,distinct
645,signature_verification/full_org/original_645_1.jpg,SignatureGPDSSyntheticOffLine4000/firmasSINTESISmanuscritas/645/c-645-10.jpg,220x155,662x393,0.4239,0.0039,0.9991,same image (re-encoded)
3702,signature_verification/full_org/original_3702_5.jpg,SignatureGPDSSyntheticOffLine4000/firmasSINTESISmanuscritas/3702/c-3702-15.jpg,220x155,726x826,0.8582,0.0301,0.9851,distinct
2967,signature_verification/full_forg/forgeries_2967_5.jpg,SignatureGPDSSyntheticOffLine4000/firmasSINTESISmanuscritas/2967/cf-2967-05.jpg,220x155,434x405,0.2117,0.0014,0.9992,same image (re-encoded)
3718,signature_verification/full_forg/forgeries_3718_5.jpg,SignatureGPDSSyntheticOffLine4000/firmasSINTESISmanuscritas/3718/cf-3718-15.jpg,220x155,671x711,1.2413,0.0466,0.996,distinct
2464,signature_verification/full_forg/forgeries_2464_13.jpg,SignatureGPDSSyntheticOffLine4000/firmasSINTESISmanuscritas/2464/cf-2464-16.jpg,220x155,540x270,0.1828,0.0002,0.9996,same image (re-encoded)
820,signature_verification/full_forg/forgeries_820_13.jpg,SignatureGPDSSyntheticOffLine4000/firmasSINTESISmanuscritas/820/cf-820-23.jpg,220x155,884x667,0.4286,0.0023,0.997,same image (re-encoded)
2352,signature_verification/full_forg/forgeries_2352_9.jpg,SignatureGPDSSyntheticOffLine4000/firmasSINTESISmanuscritas/2352/cf-2352-19.jpg,220x155,897x517,1.0653,0.0396,0.9977,distinct
1239,signature_verification/full_org/original_1239_1.jpg,SignatureGPDSSyntheticOffLine4000/firmasSINTESISmanuscritas/1239/c-1239-05.jpg,220x155,1094x403,0.7911,0.0275,0.9927,distinct
2141,signature_verification/full_forg/forgeries_2141_9.jpg,SignatureGPDSSyntheticOffLine4000/firmasSINTESISmanuscritas/2141/cf-2141-18.jpg,220x155,893x484,0.3488,0.0033,0.9954,same image (re-encoded)
3485,signature_verification/full_forg/forgeries_3485_1.jpg,SignatureGPDSSyntheticOffLine4000/firmasSINTESISmanuscritas/3485/cf-3485-23.jpg,220x155,1168x608,0.6295,0.024,0.9933,distinct
625,signature_verification/full_org/original_625_5.jpg,SignatureGPDSSyntheticOffLine4000/firmasSINTESISmanuscritas/625/c-625-04.jpg,220x155,818x329,0.3983,0.0108,0.999,distinct
2902,signature_verification/full_org/original_2902_1.jpg,SignatureGPDSSyntheticOffLine4000/firmasSINTESISmanuscritas/2902/c-2902-10.jpg,220x155,764x361,0.7734,0.0254,0.9978,distinct
3881,signature_verification/full_org/original_3881_11.jpg,SignatureGPDSSyntheticOffLine4000/firmasSINTESISmanuscritas/3881/c-3881-17.jpg,220x155,638x618,21.6819,0.9797,0.9917,distinct
3129,signature_verification/full_forg/forgeries_3129_13.jpg,SignatureGPDSSyntheticOffLine4000/firmasSINTESISmanuscritas/3129/cf-3129-02.jpg,220x155,872x414,0.7197,0.0249,0.99,distinct
2893,signature_verification/full_org/original_2893_9.jpg,SignatureGPDSSyntheticOffLine4000/firmasSINTESISmanuscritas/2893/c-2893-22.jpg,220x155,845x601,0.3574,0.0062,0.9929,same image (re-encoded)
3260,signature_verification/full_forg/forgeries_3260_1.jpg,SignatureGPDSSyntheticOffLine4000/firmasSINTESISmanuscritas/3260/cf-3260-29.jpg,220x155,1146x459,0.5398,0.0069,0.9964,same image (re-encoded)
2890,signature_verification/full_org/original_2890_11.jpg,SignatureGPDSSyntheticOffLine4000/firmasSINTESISmanuscritas/2890/c-2890-14.jpg,220x155,797x294,33.53,0.9991,0.997,distinct
1144,signature_verification/full_forg/forgeries_1144_1.jpg,SignatureGPDSSyntheticOffLine4000/firmasSINTESISmanuscritas/1144/cf-1144-13.jpg,220x155,1177x622,0.9743,0.0343,0.9899,distinct
2268,signature_verification/full_org/original_2268_5.jpg,SignatureGPDSSyntheticOffLine4000/firmasSINTESISmanuscritas/2268/c-2268-17.jpg,220x155,709x420,0.9041,0.0324,0.9941,distinct
591,signature_verification/full_forg/forgeries_591_1.jpg,SignatureGPDSSyntheticOffLine4000/firmasSINTESISmanuscritas/591/cf-591-17.jpg,220x155,1083x815,0.9041,0.0365,0.9937,distinct
1128,signature_verification/full_forg/forgeries_1128_13.jpg,SignatureGPDSSyntheticOffLine4000/firmasSINTESISmanuscritas/1128/cf-1128-11.jpg,220x155,737x519,0.3308,0.0006,0.9978,same image (re-encoded)
1837,signature_verification/full_org/original_1837_3.jpg,SignatureGPDSSyntheticOffLine4000/firmasSINTESISmanuscritas/1837/c-1837-07.jpg,220x155,963x313,8.9361,0.0233,0.9973,distinct
1693,signature_verification/full_org/original_1693_5.jpg,SignatureGPDSSyntheticOffLine4000/firmasSINTESISmanuscritas/1693/c-1693-22.jpg,220x155,934x804,0.7884,0.0251,0.9858,distinct
2,signature_verification/full_forg/forgeries_2_1.jpg,SignatureGPDSSyntheticOffLine4000/firmasSINTESISmanuscritas/002/cf-002-18.jpg,220x155,923x555,0.8266,0.0276,0.9974,distinct
1397,signature_verification/full_forg/forgeries_1397_9.jpg,SignatureGPDSSyntheticOffLine4000/firmasSINTESISmanuscritas/1397/cf-1397-07.jpg,220x155,960x482,0.363,0.0004,0.9985,same image (re-encoded)
3599,signature_verification/full_org/original_3599_5.jpg,SignatureGPDSSyntheticOffLine4000/firmasSINTESISmanuscritas/3599/c-3599-05.jpg,220x155,748x542,0.5446,0.0109,0.9986,distinct
691,signature_verification/full_org/original_691_9.jpg,SignatureGPDSSyntheticOffLine4000/firmasSINTESISmanuscritas/691/c-691-20.jpg,220x155,898x343,0.6287,0.01,0.9987,distinct
1741,signature_verification/full_forg/forgeries_1741_5.jpg,SignatureGPDSSyntheticOffLine4000/firmasSINTESISmanuscritas/1741/cf-1741-13.jpg,220x155,999x440,0.4017,0.0014,0.9976,same image (re-encoded)
448,signature_verification/full_org/original_448_7.jpg,SignatureGPDSSyntheticOffLine4000/firmasSINTESISmanuscritas/448/c-448-01.jpg,220x155,669x490,20.8647,0.9909,0.9971,distinct
1550,signature_verification/full_forg/forgeries_1550_13.jpg,SignatureGPDSSyntheticOffLine4000/firmasSINTESISmanuscritas/1550/cf-1550-20.jpg,220x155,996x732,0.6805,0.0115,0.9941,distinct
986,signature_verification/full_forg/forgeries_986_9.jpg,SignatureGPDSSyntheticOffLine4000/firmasSINTESISmanuscritas/986/cf-986-25.jpg,220x155,891x547,0.4264,0.0103,0.9859,distinct
2329,signature_verification/full_org/original_2329_5.jpg,SignatureGPDSSyntheticOffLine4000/firmasSINTESISmanuscritas/2329/c-2329-24.jpg,220x155,968x652,0.3307,0.0017,0.9968,same image (re-encoded)
3202,signature_verification/full_org/original_3202_5.jpg,SignatureGPDSSyntheticOffLine4000/firmasSINTESISmanuscritas/3202/c-3202-11.jpg,220x155,1753x496,0.8485,0.0246,0.9921,distinct
434,signature_verification/full_forg/forgeries_434_13.jpg,SignatureGPDSSyntheticOffLine4000/firmasSINTESISmanuscritas/434/cf-434-21.jpg,220x155,1083x414,0.8993,0.0334,0.9948,distinct
1111,signature_verification/full_org/original_1111_9.jpg,SignatureGPDSSyntheticOffLine4000/firmasSINTESISmanuscritas/1111/c-1111-24.jpg,220x155,882x611,0.4157,0.0018,0.997,same image (re-encoded)
2427,signature_verification/full_org/original_2427_5.jpg,SignatureGPDSSyntheticOffLine4000/firmasSINTESISmanuscritas/2427/c-2427-09.jpg,220x155,953x672,1.0745,0.0378,0.9958,distinct
2117,signature_verification/full_org/original_2117_5.jpg,SignatureGPDSSyntheticOffLine4000/firmasSINTESISmanuscritas/2117/c-2117-11.jpg,220x155,1287x777,0.7839,0.0268,0.9868,distinct
170,signature_verification/full_forg/forgeries_170_9.jpg,SignatureGPDSSyntheticOffLine4000/firmasSINTESISmanuscritas/170/cf-170-12.jpg,220x155,830x459,0.6702,0.023,0.9984,distinct
3905,signature_verification/full_forg/forgeries_3905_3.jpg,SignatureGPDSSyntheticOffLine4000/firmasSINTESISmanuscritas/3905/cf-3905-06.jpg,220x155,959x893,14.4569,0.9516,0.9927,distinct
2726,signature_verification/full_org/original_2726_5.jpg,SignatureGPDSSyntheticOffLine4000/firmasSINTESISmanuscritas/2726/c-2726-10.jpg,220x155,882x373,0.8401,0.0276,0.9979,distinct
2201,signature_verification/full_forg/forgeries_2201_1.jpg,SignatureGPDSSyntheticOffLine4000/firmasSINTESISmanuscritas/2201/cf-2201-14.jpg,220x155,791x536,1.1433,0.0431,0.9975,distinct
2419,signature_verification/full_org/original_2419_5.jpg,SignatureGPDSSyntheticOffLine4000/firmasSINTESISmanuscritas/2419/c-2419-06.jpg,220x155,802x501,0.8376,0.0302,0.9965,distinct
444,signature_verification/full_org/original_444_5.jpg,SignatureGPDSSyntheticOffLine4000/firmasSINTESISmanuscritas/444/c-444-05.jpg,220x155,757x416,0.9297,0.0336,0.9977,distinct
2647,signature_verification/full_org/original_2647_9.jpg,SignatureGPDSSyntheticOffLine4000/firmasSINTESISmanuscritas/2647/c-2647-11.jpg,220x155,823x646,1.3664,0.0535,0.99,distinct
337,signature_verification/full_org/original_337_1.jpg,SignatureGPDSSyntheticOffLine4000/firmasSINTESISmanuscritas/337/c-337-18.jpg,220x155,794x576,1.1462,0.0434,0.9922,distinct
545,signature_verification/full_org/original_545_5.jpg,SignatureGPDSSyntheticOffLine4000/firmasSINTESISmanuscritas/545/c-545-10.jpg,220x155,1020x629,1.0382,0.036,0.9902,distinct
1300,signature_verification/full_forg/forgeries_1300_5.jpg,SignatureGPDSSyntheticOffLine4000/firmasSINTESISmanuscritas/1300/cf-1300-17.jpg,220x155,838x1002,1.107,0.0414,0.9904,distinct
1383,signature_verification/full_forg/forgeries_1383_1.jpg,SignatureGPDSSyntheticOffLine4000/firmasSINTESISmanuscritas/1383/cf-1383-18.jpg,220x155,1254x619,0.5142,0.0057,0.9963,same image (re-encoded)
3603,signature_verification/full_org/original_3603_5.jpg,SignatureGPDSSyntheticOffLine4000/firmasSINTESISmanuscritas/3603/c-3603-20.jpg,220x155,959x600,1.1366,0.042,0.995,distinct
1922,signature_verification/full_org/original_1922_7.jpg,SignatureGPDSSyntheticOffLine4000/firmasSINTESISmanuscritas/1922/c-1922-02.jpg,220x155,703x303,20.6914,0.9825,0.9954,distinct
1876,signature_verification/full_org/original_1876_3.jpg,SignatureGPDSSyntheticOffLine4000/firmasSINTESISmanuscritas/1876/c-1876-11.jpg,220x155,704x336,8.7467,0.0115,0.9972,distinct
3121,signature_verification/full_org/original_3121_5.jpg,SignatureGPDSSyntheticOffLine4000/firmasSINTESISmanuscritas/3121/c-3121-05.jpg,220x155,617x513,0.7151,0.0291,0.9963,distinct
3269,signature_verification/full_org/original_3269_9.jpg,SignatureGPDSSyntheticOffLine4000/firmasSINTESISmanuscritas/3269/c-3269-16.jpg,220x155,1091x734,1.4825,0.0502,0.9942,distinct
2871,signature_verification/full_forg/forgeries_2871_1.jpg,SignatureGPDSSyntheticOffLine4000/firmasSINTESISmanuscritas/2871/cf-2871-11.jpg,220x155,716x260,0.2197,0.0015,0.9991,same image (re-encoded)
1286,signature_verification/full_org/original_1286_9.jpg,SignatureGPDSSyntheticOffLine4000/firmasSINTESISmanuscritas/1286/c-1286-10.jpg,220x155,1061x510,0.3096,0.0006,0.9983,same image (re-encoded)
1685,signature_verification/full_forg/forgeries_1685_1.jpg,SignatureGPDSSyntheticOffLine4000/firmasSINTESISmanuscritas/1685/cf-1685-17.jpg,220x155,749x353,0.3312,0.0002,0.999,same image (re-encoded)
309,signature_verification/full_forg/forgeries_309_5.jpg,SignatureGPDSSyntheticOffLine4000/firmasSINTESISmanuscritas/309/cf-309-17.jpg,220x155,1001x782,0.5144,0.0099,0.994,same image (re-encoded)
246,signature_verification/full_forg/forgeries_246_13.jpg,SignatureGPDSSyntheticOffLine4000/firmasSINTESISmanuscritas/246/cf-246-10.jpg,220x155,1032x593,0.4774,0.0039,0.9965,same image (re-encoded)
3842,signature_verification/full_org/original_3842_5.jpg,SignatureGPDSSyntheticOffLine4000/firmasSINTESISmanuscritas/3842/c-3842-17.jpg,220x155,931x496,0.5506,0.0087,0.9988,same image (re-encoded)
921,signature_verification/full_org/original_921_9.jpg,SignatureGPDSSyntheticOffLine4000/firmasSINTESISmanuscritas/921/c-921-06.jpg,220x155,541x404,0.4018,0.0097,0.999,same image (re-encoded)
3379,signature_verification/full_org/original_3379_5.jpg,SignatureGPDSSyntheticOffLine4000/firmasSINTESISmanuscritas/3379/c-3379-04.jpg,220x155,852x472,0.616,0.0108,0.9988,distinct
867,signature_verification/full_org/original_867_5.jpg,SignatureGPDSSyntheticOffLine4000/firmasSINTESISmanuscritas/867/c-867-05.jpg,220x155,1095x544,1.2883,0.0461,0.9961,distinct
1321,signature_verification/full_forg/forgeries_1321_13.jpg,SignatureGPDSSyntheticOffLine4000/firmasSINTESISmanuscritas/1321/cf-1321-27.jpg,220x155,743x446,0.4955,0.012,0.998,distinct
3370,signature_verification/full_forg/forgeries_3370_5.jpg,SignatureGPDSSyntheticOffLine4000/firmasSINTESISmanuscritas/3370/cf-3370-02.jpg,220x155,942x560,0.6654,0.0253,0.9951,distinct
879,signature_verification/full_org/original_879_9.jpg,SignatureGPDSSyntheticOffLine4000/firmasSINTESISmanuscritas/879/c-879-24.jpg,220x155,722x356,0.2537,0.0001,0.998,same image (re-encoded)
931,signature_verification/full_org/original_931_5.jpg,SignatureGPDSSyntheticOffLine4000/firmasSINTESISmanuscritas/931/c-931-10.jpg,220x155,975x649,0.8903,0.0347,0.9905,distinct
840,signature_verification/full_forg/forgeries_840_13.jpg,SignatureGPDSSyntheticOffLine4000/firmasSINTESISmanuscritas/840/cf-840-26.jpg,220x155,842x535,0.8174,0.0283,0.9878,distinct
160,signature_verification/full_org/original_160_9.jpg,SignatureGPDSSyntheticOffLine4000/firmasSINTESISmanuscritas/160/c-160-01.jpg,220x155,849x477,0.3616,0.0069,0.991,same image (re-encoded)
1714,signature_verification/full_org/original_1714_1.jpg,SignatureGPDSSyntheticOffLine4000/firmasSINTESISmanuscritas/1714/c-1714-05.jpg,220x155,954x667,1.3192,0.0418,0.9826,distinct
1792,signature_verification/full_org/original_1792_5.jpg,SignatureGPDSSyntheticOffLine4000/firmasSINTESISmanuscritas/1792/c-1792-19.jpg,220x155,850x484,0.8633,0.032,0.9976,distinct
495,signature_verification/full_forg/forgeries_495_13.jpg,SignatureGPDSSyntheticOffLine4000/firmasSINTESISmanuscritas/495/cf-495-22.jpg,220x155,1019x518,0.927,0.034,0.9927,distinct
2635,signature_verification/full_forg/forgeries_2635_1.jpg,SignatureGPDSSyntheticOffLine4000/firmasSINTESISmanuscritas/2635/cf-2635-19.jpg,220x155,1520x276,0.416,0.0096,0.9979,same image (re-encoded)
3860,signature_verification/full_org/original_3860_5.jpg,SignatureGPDSSyntheticOffLine4000/firmasSINTESISmanuscritas/3860/c-3860-14.jpg,220x155,572x482,0.8126,0.0302,0.9973,distinct
1255,signature_verification/full_forg/forgeries_1255_11.jpg,SignatureGPDSSyntheticOffLine4000/firmasSINTESISmanuscritas/1255/cf-1255-09.jpg,220x155,793x318,8.3592,0.0098,0.9975,same image (re-encoded)
638,signature_verification/full_forg/forgeries_638_13.jpg,SignatureGPDSSyntheticOffLine4000/firmasSINTESISmanuscritas/638/cf-638-07.jpg,220x155,884x330,0.5296,0.0177,0.9968,distinct
1602,signature_verification/full_org/original_1602_3.jpg,SignatureGPDSSyntheticOffLine4000/firmasSINTESISmanuscritas/1602/c-1602-16.jpg,220x155,997x463,31.9093,0.9927,0.9971,distinct
2539,signature_verification/full_org/original_2539_1.jpg,SignatureGPDSSyntheticOffLine4000/firmasSINTESISmanuscritas/2539/c-2539-23.jpg,220x155,1032x677,0.7731,0.0296,0.9966,distinct
1168,signature_verification/full_forg/forgeries_1168_13.jpg,SignatureGPDSSyntheticOffLine4000/firmasSINTESISmanuscritas/1168/cf-1168-26.jpg,220x155,747x719,0.3579,0.0015,0.9971,same image (re-encoded)
1817,signature_verification/full_org/original_1817_5.jpg,SignatureGPDSSyntheticOffLine4000/firmasSINTESISmanuscritas/1817/c-1817-19.jpg,220x155,855x456,0.6802,0.0259,0.9966,distinct
3181,signature_verification/full_org/original_3181_9.jpg,SignatureGPDSSyntheticOffLine4000/firmasSINTESISmanuscritas/3181/c-3181-01.jpg,220x155,772x430,0.4163,0.0006,0.9977,same image (re-encoded)
3513,signature_verification/full_org/original_3513_1.jpg,SignatureGPDSSyntheticOffLine4000/firmasSINTESISmanuscritas/3513/c-3513-22.jpg,220x155,1049x614,1.216,0.0437,0.9912,distinct
3514,signature_verification/full_org/original_3514_1.jpg,SignatureGPDSSyntheticOffLine4000/firmasSINTESISmanuscritas/3514/c-3514-04.jpg,220x155,699x437,0.6933,0.016,0.9983,distinct
1413,signature_verification/full_org/original_1413_1.jpg,SignatureGPDSSyntheticOffLine4000/firmasSINTESISmanuscritas/1413/c-1413-17.jpg,220x155,859x616,1.0397,0.0381,0.9957,distinct
1615,signature_verification/full_org/original_1615_1.jpg,SignatureGPDSSyntheticOffLine4000/firmasSINTESISmanuscritas/1615/c-1615-09.jpg,220x155,896x560,0.9104,0.0351,0.9963,distinct
809,signature_verification/full_forg/forgeries_809_9.jpg,SignatureGPDSSyntheticOffLine4000/firmasSINTESISmanuscritas/809/cf-809-16.jpg,220x155,675x584,0.8865,0.0339,0.9974,distinct
2695,signature_verification/full_forg/forgeries_2695_1.jpg,SignatureGPDSSyntheticOffLine4000/firmasSINTESISmanuscritas/2695/cf-2695-12.jpg,220x155,1353x758,1.7399,0.0473,0.9744,distinct
647,signature_verification/full_forg/forgeries_647_13.jpg,SignatureGPDSSyntheticOffLine4000/firmasSINTESISmanuscritas/647/cf-647-04.jpg,220x155,1013x609,0.6286,0.0057,0.996,same image (re-encoded)
3184,signature_verification/full_org/original_3184_9.jpg,SignatureGPDSSyntheticOffLine4000/firmasSINTESISmanuscritas/3184/c-3184-20.jpg,220x155,921x438,0.8243,0.0328,0.9959,distinct
3273,signature_verification/full_forg/forgeries_3273_13.jpg,SignatureGPDSSyntheticOffLine4000/firmasSINTESISmanuscritas/3273/cf-3273-03.jpg,220x155,922x568,0.7669,0.0268,0.997,distinct
2970,signature_verification/full_forg/forgeries_2970_1.jpg,SignatureGPDSSyntheticOffLine4000/firmasSINTESISmanuscritas/2970/cf-2970-04.jpg,220x155,1035x576,0.8252,0.0281,0.9972,distinct
430,signature_verification/full_org/original_430_1.jpg,SignatureGPDSSyntheticOffLine4000/firmasSINTESISmanuscritas/430/c-430-01.jpg,220x155,926x590,1.172,0.0446,0.9959,distinct
248,signature_verification/full_org/original_248_9.jpg,SignatureGPDSSyntheticOffLine4000/firmasSINTESISmanuscritas/248/c-248-21.jpg,220x155,1038x489,0.5222,0.0096,0.992,same image (re-encoded)
1476,signature_verification/full_forg/forgeries_1476_13.jpg,SignatureGPDSSyntheticOffLine4000/firmasSINTESISmanuscritas/1476/cf-1476-02.jpg,220x155,934x500,1.1492,0.0437,0.9973,distinct
2477,signature_verification/full_forg/forgeries_2477_5.jpg,SignatureGPDSSyntheticOffLine4000/firmasSINTESISmanuscritas/2477/cf-2477-08.jpg,220x155,1054x556,1.0637,0.0387,0.9959,distinct
2500,signature_verification/full_org/original_2500_9.jpg,SignatureGPDSSyntheticOffLine4000/firmasSINTESISmanuscritas/2500/c-2500-19.jpg,220x155,982x568,1.225,0.0438,0.9963,distinct
3993,signature_verification/full_org/original_3993_3.jpg,SignatureGPDSSyntheticOffLine4000/firmasSINTESISmanuscritas/3993/c-3993-02.jpg,220x155,817x493,24.8272,0.9662,0.9978,distinct
3645,signature_verification/full_forg/forgeries_3645_1.jpg,SignatureGPDSSyntheticOffLine4000/firmasSINTESISmanuscritas/3645/cf-3645-19.jpg,220x155,934x640,0.4834,0.006,0.9947,same image (re-encoded)
1132,signature_verification/full_forg/forgeries_1132_9.jpg,SignatureGPDSSyntheticOffLine4000/firmasSINTESISmanuscritas/1132/cf-1132-11.jpg,220x155,1111x274,0.4531,0.0142,0.9972,distinct
1939,signature_verification/full_forg/forgeries_1939_13.jpg,SignatureGPDSSyntheticOffLine4000/firmasSINTESISmanuscritas/1939/cf-1939-08.jpg,220x155,831x450,0.3566,0.005,0.9924,same image (re-encoded)
2995,signature_verification/full_forg/forgeries_2995_9.jpg,SignatureGPDSSyntheticOffLine4000/firmasSINTESISmanuscritas/2995/cf-2995-22.jpg,220x155,790x576,0.3686,0.0035,0.9949,same image (re-encoded)
3007,signature_verification/full_org/original_3007_1.jpg,SignatureGPDSSyntheticOffLine4000/firmasSINTESISmanuscritas/3007/c-3007-09.jpg,220x155,745x530,0.717,0.0235,0.9974,distinct
2302,signature_verification/full_org/original_2302_7.jpg,SignatureGPDSSyntheticOffLine4000/firmasSINTESISmanuscritas/2302/c-2302-11.jpg,220x155,850x393,22.0416,0.956,0.9884,distinct
2739,signature_verification/full_forg/forgeries_2739_5.jpg,SignatureGPDSSyntheticOffLine4000/firmasSINTESISmanuscritas/2739/cf-2739-17.jpg,220x155,1275x810,0.7259,0.0141,0.9942,distinct
2593,signature_verification/full_org/original_2593_1.jpg,SignatureGPDSSyntheticOffLine4000/firmasSINTESISmanuscritas/2593/c-2593-17.jpg,220x155,871x409,0.3957,0.0054,0.9921,same image (re-encoded)
311,signature_verification/full_forg/forgeries_311_9.jpg,SignatureGPDSSyntheticOffLine4000/firmasSINTESISmanuscritas/311/cf-311-19.jpg,220x155,731x576,0.4751,0.0106,0.9877,distinct
2279,signature_verification/full_forg/forgeries_2279_13.jpg,SignatureGPDSSyntheticOffLine4000/firmasSINTESISmanuscritas/2279/cf-2279-21.jpg,220x155,671x434,0.4387,0.0163,0.9961,distinct
2074,signature_verification/full_forg/forgeries_2074_1.jpg,SignatureGPDSSyntheticOffLine4000/firmasSINTESISmanuscritas/2074/cf-2074-27.jpg,220x155,1011x746,0.5584,0.0074,0.9954,same image (re-encoded)
348,signature_verification/full_org/original_348_5.jpg,SignatureGPDSSyntheticOffLine4000/firmasSINTESISmanuscritas/348/c-348-07.jpg,220x155,785x440,0.5927,0.0207,0.9977,distinct
3849,signature_verification/full_org/original_3849_9.jpg,SignatureGPDSSyntheticOffLine4000/firmasSINTESISmanuscritas/3849/c-3849-04.jpg,220x155,832x762,1.1766,0.0399,0.9948,distinct
3552,signature_verification/full_forg/forgeries_3552_9.jpg,SignatureGPDSSyntheticOffLine4000/firmasSINTESISmanuscritas/3552/cf-3552-16.jpg,220x155,1250x419,0.6543,0.0103,0.9991,distinct
3112,signature_verification/full_forg/forgeries_3112_13.jpg,SignatureGPDSSyntheticOffLine4000/firmasSINTESISmanuscritas/3112/cf-3112-29.jpg,220x155,1123x419,0.5097,0.0136,0.9982,distinct
2644,signature_verification/full_forg/forgeries_2644_5.jpg,SignatureGPDSSyntheticOffLine4000/firmasSINTESISmanuscritas/2644/cf-2644-17.jpg,220x155,840x718,0.822,0.0294,0.9971,distinct
2966,signature_verification/full_org/original_2966_7.jpg,SignatureGPDSSyntheticOffLine4000/firmasSINTESISmanuscritas/2966/c-2966-05.jpg,220x155,1047x768,17.2556,0.9492,0.9803,distinct
2259,signature_verification/full_org/original_2259_9.jpg,SignatureGPDSSyntheticOffLine4000/firmasSINTESISmanuscritas/2259/c-2259-22.jpg,220x155,844x562,0.9153,0.0238,0.9981,distinct
52,signature_verification/full_forg/forgeries_52_13.jpg,SignatureGPDSSyntheticOffLine4000/firmasSINTESISmanuscritas/052/cf-052-24.jpg,220x155,938x411,0.5774,0.0051,0.9964,same image (re-encoded)
1009,signature_verification/full_forg/forgeries_1009_9.jpg,SignatureGPDSSyntheticOffLine4000/firmasSINTESISmanuscritas/1009/cf-1009-29.jpg,220x155,970x543,0.7208,0.026,0.996,distinct
1807,signature_verification/full_org/original_1807_5.jpg,SignatureGPDSSyntheticOffLine4000/firmasSINTESISmanuscritas/1807/c-1807-19.jpg,220x155,843x628,0.5297,0.0114,0.9904,distinct
2513,signature_verification/full_forg/forgeries_2513_13.jpg,SignatureGPDSSyntheticOffLine4000/firmasSINTESISmanuscritas/2513/cf-2513-15.jpg,220x155,1010x584,1.0967,0.0391,0.9961,distinct
3226,signature_verification/full_org/original_3226_3.jpg,SignatureGPDSSyntheticOffLine4000/firmasSINTESISmanuscritas/3226/c-3226-13.jpg,220x155,861x566,33.4397,0.9999,0.9899,distinct
3251,signature_verification/full_forg/forgeries_3251_5.jpg,SignatureGPDSSyntheticOffLine4000/firmasSINTESISmanuscritas/3251/cf-3251-13.jpg,220x155,1022x560,0.3401,0.0013,0.998,same image (re-encoded)
