writer_id,genuine_count,forged_count,total
1,12,16,28
2,12,16,28
3,12,16,28
4,12,16,28
5,12,16,28
6,12,16,28
7,12,16,28
8,12,16,28
9,12,16,28
10,12,16,28
11,12,16,28
12,12,16,28
13,12,16,28
14,12,16,28
15,12,16,28
16,12,16,28
17,12,16,28
18,12,16,28
19,12,16,28
20,12,16,28
21,12,16,28
22,12,16,28
23,12,16,28
24,12,16,28
25,12,16,28
26,12,16,28
27,12,16,28
28,12,16,28
29,12,16,28
30,12,16,28
31,12,16,28
32,12,16,28
33,12,16,28
34,12,16,28
35,12,16,28
36,12,16,28
37,12,16,28
38,12,16,28
39,12,16,28
40,12,16,28
41,12,16,28
42,12,16,28
43,12,16,28
44,12,16,28
45,12,16,28
46,12,16,28
47,12,16,28
48,12,16,28
49,12,16,28
50,12,16,28
51,12,16,28
52,12,16,28
53,12,16,28
54,12,16,28
55,12,16,28
56,12,16,28
57,12,16,28
58,12,16,28
59,12,16,28
60,12,16,28
61,12,16,28
62,12,16,28
63,12,16,28
64,12,16,28
65,12,16,28
66,12,16,28
67,12,16,28
68,12,16,28
69,12,16,28
70,12,16,28
71,12,16,28
72,12,16,28
73,12,16,28
74,12,16,28
75,12,16,28
76,12,16,28
77,12,16,28
78,12,16,28
79,12,16,28
80,12,16,28
81,12,16,28
82,12,16,28
83,12,16,28
84,12,16,28
85,12,16,28
86,12,16,28
87,12,16,28
88,12,16,28
89,12,16,28
90,12,16,28
91,12,16,28
92,12,16,28
93,12,16,28
94,12,16,28
95,12,16,28
96,12,16,28
97,12,16,28
98,12,16,28
99,12,16,28
100,12,16,28
101,12,16,28
102,12,16,28
103,12,16,28
104,12,16,28
105,12,16,28
106,12,16,28
107,12,16,28
108,12,16,28
109,12,16,28
110,12,16,28
111,12,16,28
112,12,16,28
113,12,16,28
114,12,16,28
115,12,16,28
116,12,16,28
117,12,16,28
118,12,16,28
119,12,16,28
120,12,16,28
121,12,16,28
122,12,16,28
123,12,16,28
124,12,16,28
125,12,16,28
126,12,16,28
127,12,16,28
128,12,16,28
129,12,16,28
130,12,16,28
131,12,16,28
132,12,16,28
133,12,16,28
134,12,16,28
135,12,16,28
136,12,16,28
137,12,16,28
138,12,16,28
139,12,16,28
140,12,16,28
141,12,16,28
142,12,16,28
143,12,16,28
144,12,16,28
145,12,16,28
146,12,16,28
147,12,16,28
148,12,16,28
149,12,16,28
150,12,16,28
151,12,16,28
152,12,16,28
153,12,16,28
154,12,16,28
155,12,16,28
156,12,16,28
157,12,16,28
158,12,16,28
159,12,16,28
160,12,16,28
161,12,16,28
162,12,16,28
163,12,16,28
164,12,16,28
165,12,16,28
166,12,16,28
167,12,16,28
168,12,16,28
169,12,16,28
170,12,16,28
171,12,16,28
172,12,16,28
173,12,16,28
174,12,16,28
175,12,16,28
176,12,16,28
177,12,16,28
178,12,16,28
179,12,16,28
180,12,16,28
181,12,16,28
182,12,16,28
183,12,16,28
184,12,16,28
185,12,16,28
186,12,16,28
187,12,16,28
188,12,16,28
189,12,16,28
190,12,16,28
191,12,16,28
192,12,16,28
193,12,16,28
194,12,16,28
195,12,16,28
196,12,16,28
197,12,16,28
198,12,16,28
199,12,16,28
200,12,16,28
201,12,16,28
202,12,16,28
203,12,16,28
204,12,16,28
205,12,16,28
206,12,16,28
207,12,16,28
208,12,16,28
209,12,16,28
210,12,16,28
211,12,16,28
212,12,16,28
213,12,16,28
214,12,16,28
215,12,16,28
216,12,16,28
217,12,16,28
218,12,16,28
219,12,16,28
220,12,16,28
221,12,16,28
222,12,16,28
223,12,16,28
224,12,16,28
225,12,16,28
226,12,16,28
227,12,16,28
228,12,16,28
229,12,16,28
230,12,16,28
231,12,16,28
232,12,16,28
233,12,16,28
234,12,16,28
235,12,16,28
236,12,16,28
237,12,16,28
238,12,16,28
239,12,16,28
240,12,16,28
241,12,16,28
242,12,16,28
243,12,16,28
244,12,16,28
245,12,16,28
246,12,16,28
247,12,16,28
248,12,16,28
249,12,16,28
250,12,16,28
251,12,16,28
252,12,16,28
253,12,16,28
254,12,16,28
255,12,16,28
256,12,16,28
257,12,16,28
258,12,16,28
259,12,16,28
260,12,16,28
261,12,16,28
262,12,16,28
263,12,16,28
264,12,16,28
265,12,16,28
266,12,16,28
267,12,16,28
268,12,16,28
269,12,16,28
270,12,16,28
271,12,16,28
272,12,16,28
273,12,16,28
274,12,16,28
275,12,16,28
276,12,16,28
277,12,16,28
278,12,16,28
279,12,16,28
280,12,16,28
281,12,16,28
282,12,16,28
283,12,16,28
284,12,16,28
285,12,16,28
286,12,16,28
287,12,16,28
288,12,16,28
289,12,16,28
290,12,16,28
291,12,16,28
292,12,16,28
293,12,16,28
294,12,16,28
295,12,16,28
296,12,16,28
297,12,16,28
298,12,16,28
299,12,16,28
300,12,16,28
301,12,16,28
302,12,16,28
303,12,16,28
304,12,16,28
305,12,16,28
306,12,16,28
307,12,16,28
308,12,16,28
309,12,16,28
310,12,16,28
311,12,16,28
312,12,16,28
313,12,16,28
314,12,16,28
315,12,16,28
316,12,16,28
317,12,16,28
318,12,16,28
319,12,16,28
320,12,16,28
321,12,16,28
322,12,16,28
323,12,16,28
324,12,16,28
325,12,16,28
326,12,16,28
327,12,16,28
328,12,16,28
329,12,16,28
330,12,16,28
331,12,16,28
332,12,16,28
333,12,16,28
334,12,16,28
335,12,16,28
336,12,16,28
337,12,16,28
338,12,16,28
339,12,16,28
340,12,16,28
341,12,16,28
342,12,16,28
343,12,16,28
344,12,16,28
345,12,16,28
346,12,16,28
347,12,16,28
348,12,16,28
349,12,16,28
350,12,16,28
351,12,16,28
352,12,16,28
353,12,16,28
354,12,16,28
355,12,16,28
356,12,16,28
357,12,16,28
358,12,16,28
359,12,16,28
360,12,16,28
361,12,16,28
362,12,16,28
363,12,16,28
364,12,16,28
365,12,16,28
366,12,16,28
367,12,16,28
368,12,16,28
369,12,16,28
370,12,16,28
371,12,16,28
372,12,16,28
373,12,16,28
374,12,16,28
375,12,16,28
376,12,16,28
377,12,16,28
378,12,16,28
379,12,16,28
380,12,16,28
381,12,16,28
382,12,16,28
383,12,16,28
384,12,16,28
385,12,16,28
386,12,16,28
387,12,16,28
388,12,16,28
389,12,16,28
390,12,16,28
391,12,16,28
392,12,16,28
393,12,16,28
394,12,16,28
395,12,16,28
396,12,16,28
397,12,16,28
398,12,16,28
399,12,16,28
400,12,16,28
401,12,16,28
402,12,16,28
403,12,16,28
404,12,16,28
405,12,16,28
406,12,16,28
407,12,16,28
408,12,16,28
409,12,16,28
410,12,16,28
411,12,16,28
412,12,16,28
413,12,16,28
414,12,16,28
415,12,16,28
416,12,16,28
417,12,16,28
418,12,16,28
419,12,16,28
420,12,16,28
421,12,16,28
422,12,16,28
423,12,16,28
424,12,16,28
425,12,16,28
426,12,16,28
427,12,16,28
428,12,16,28
429,12,16,28
430,12,16,28
431,12,16,28
432,12,16,28
433,12,16,28
434,12,16,28
435,12,16,28
436,12,16,28
437,12,16,28
438,12,16,28
439,12,16,28
440,12,16,28
441,12,16,28
442,12,16,28
443,12,16,28
444,12,16,28
445,12,16,28
446,12,16,28
447,12,16,28
448,12,16,28
449,12,16,28
450,12,16,28
451,12,16,28
452,12,16,28
453,12,16,28
454,12,16,28
455,12,16,28
456,12,16,28
457,12,16,28
458,12,16,28
459,12,16,28
460,12,16,28
461,12,16,28
462,12,16,28
463,12,16,28
464,12,16,28
465,12,16,28
466,12,16,28
467,12,16,28
468,12,16,28
469,12,16,28
470,12,16,28
471,12,16,28
472,12,16,28
473,12,16,28
474,12,16,28
475,12,16,28
476,12,16,28
477,12,16,28
478,12,16,28
479,12,16,28
480,12,16,28
481,12,16,28
482,12,16,28
483,12,16,28
484,12,16,28
485,12,16,28
486,12,16,28
487,12,16,28
488,12,16,28
489,12,16,28
490,12,16,28
491,12,16,28
492,12,16,28
493,12,16,28
494,12,16,28
495,12,16,28
496,12,16,28
497,12,16,28
498,12,16,28
499,12,16,28
500,12,16,28
501,12,16,28
502,12,16,28
503,12,16,28
504,12,16,28
505,12,16,28
506,12,16,28
507,12,16,28
508,12,16,28
509,12,16,28
510,12,16,28
511,12,16,28
512,12,16,28
513,12,16,28
514,12,16,28
515,12,16,28
516,12,16,28
517,12,16,28
518,12,16,28
519,12,16,28
520,12,16,28
521,12,16,28
522,12,16,28
523,12,16,28
524,12,16,28
525,12,16,28
526,12,16,28
527,12,16,28
528,12,16,28
529,12,16,28
530,12,16,28
531,12,16,28
532,12,16,28
533,12,16,28
534,12,16,28
535,12,16,28
536,12,16,28
537,12,16,28
538,12,16,28
539,12,16,28
540,12,16,28
541,12,16,28
542,12,16,28
543,12,16,28
544,12,16,28
545,12,16,28
546,12,16,28
547,12,16,28
548,12,16,28
549,12,16,28
550,12,16,28
551,12,16,28
552,12,16,28
553,12,16,28
554,12,16,28
555,12,16,28
556,12,16,28
557,12,16,28
558,12,16,28
559,12,16,28
560,12,16,28
561,12,16,28
562,12,16,28
563,12,16,28
564,12,16,28
565,12,16,28
566,12,16,28
567,12,16,28
568,12,16,28
569,12,16,28
570,12,16,28
571,12,16,28
572,12,16,28
573,12,16,28
574,12,16,28
575,12,16,28
576,12,16,28
577,12,16,28
578,12,16,28
579,12,16,28
580,12,16,28
581,12,16,28
582,12,16,28
583,12,16,28
584,12,16,28
585,12,16,28
586,12,16,28
587,12,16,28
588,12,16,28
589,12,16,28
590,12,16,28
591,12,16,28
592,12,16,28
593,12,16,28
594,12,16,28
595,12,16,28
596,12,16,28
597,12,16,28
598,12,16,28
599,12,16,28
600,12,16,28
601,12,16,28
602,12,16,28
603,12,16,28
604,12,16,28
605,12,16,28
606,12,16,28
607,12,16,28
608,12,16,28
609,12,16,28
610,12,16,28
611,12,16,28
612,12,16,28
613,12,16,28
614,12,16,28
615,12,16,28
616,12,16,28
617,12,16,28
618,12,16,28
619,12,16,28
620,12,16,28
621,12,16,28
622,12,16,28
623,12,16,28
624,12,16,28
625,12,16,28
626,12,16,28
627,12,16,28
628,12,16,28
629,12,16,28
630,12,16,28
631,12,16,28
632,12,16,28
633,12,16,28
634,12,16,28
635,12,16,28
636,12,16,28
637,12,16,28
638,12,16,28
639,12,16,28
640,12,16,28
641,12,16,28
642,12,16,28
643,12,16,28
644,12,16,28
645,12,16,28
646,12,16,28
647,12,16,28
648,12,16,28
649,12,16,28
650,12,16,28
651,12,16,28
652,12,16,28
653,12,16,28
654,12,16,28
655,12,16,28
656,12,16,28
657,12,16,28
658,12,16,28
659,12,16,28
660,12,16,28
661,12,16,28
662,12,16,28
663,12,16,28
664,12,16,28
665,12,16,28
666,12,16,28
667,12,16,28
668,12,16,28
669,12,16,28
670,12,16,28
671,12,16,28
672,12,16,28
673,12,16,28
674,12,16,28
675,12,16,28
676,12,16,28
677,12,16,28
678,12,16,28
679,12,16,28
680,12,16,28
681,12,16,28
682,12,16,28
683,12,16,28
684,12,16,28
685,12,16,28
686,12,16,28
687,12,16,28
688,12,16,28
689,12,16,28
690,12,16,28
691,12,16,28
692,12,16,28
693,12,16,28
694,12,16,28
695,12,16,28
696,12,16,28
697,12,16,28
698,12,16,28
699,12,16,28
700,12,16,28
701,12,16,28
702,12,16,28
703,12,16,28
704,12,16,28
705,12,16,28
706,12,16,28
707,12,16,28
708,12,16,28
709,12,16,28
710,12,16,28
711,12,16,28
712,12,16,28
713,12,16,28
714,12,16,28
715,12,16,28
716,12,16,28
717,12,16,28
718,12,16,28
719,12,16,28
720,12,16,28
721,12,16,28
722,12,16,28
723,12,16,28
724,12,16,28
725,12,16,28
726,12,16,28
727,12,16,28
728,12,16,28
729,12,16,28
730,12,16,28
731,12,16,28
732,12,16,28
733,12,16,28
734,12,16,28
735,12,16,28
736,12,16,28
737,12,16,28
738,12,16,28
739,12,16,28
740,12,16,28
741,12,16,28
742,12,16,28
743,12,16,28
744,12,16,28
745,12,16,28
746,12,16,28
747,12,16,28
748,12,16,28
749,12,16,28
750,12,16,28
751,12,16,28
752,12,16,28
753,12,16,28
754,12,16,28
755,12,16,28
756,12,16,28
757,12,16,28
758,12,16,28
759,12,16,28
760,12,16,28
761,12,16,28
762,12,16,28
763,12,16,28
764,12,16,28
765,12,16,28
766,12,16,28
767,12,16,28
768,12,16,28
769,12,16,28
770,12,16,28
771,12,16,28
772,12,16,28
773,12,16,28
774,12,16,28
775,12,16,28
776,12,16,28
777,12,16,28
778,12,16,28
779,12,16,28
780,12,16,28
781,12,16,28
782,12,16,28
783,12,16,28
784,12,16,28
785,12,16,28
786,12,16,28
787,12,16,28
788,12,16,28
789,12,16,28
790,12,16,28
791,12,16,28
792,12,16,28
793,12,16,28
794,12,16,28
795,12,16,28
796,12,16,28
797,12,16,28
798,12,16,28
799,12,16,28
800,12,16,28
801,12,16,28
802,12,16,28
803,12,16,28
804,12,16,28
805,12,16,28
806,12,16,28
807,12,16,28
808,12,16,28
809,12,16,28
810,12,16,28
811,12,16,28
812,12,16,28
813,12,16,28
814,12,16,28
815,12,16,28
816,12,16,28
817,12,16,28
818,12,16,28
819,12,16,28
820,12,16,28
821,12,16,28
822,12,16,28
823,12,16,28
824,12,16,28
825,12,16,28
826,12,16,28
827,12,16,28
828,12,16,28
829,12,16,28
830,12,16,28
831,12,16,28
832,12,16,28
833,12,16,28
834,12,16,28
835,12,16,28
836,12,16,28
837,12,16,28
838,12,16,28
839,12,16,28
840,12,16,28
841,12,16,28
842,12,16,28
843,12,16,28
844,12,16,28
845,12,16,28
846,12,16,28
847,12,16,28
848,12,16,28
849,12,16,28
850,12,16,28
851,12,16,28
852,12,16,28
853,12,16,28
854,12,16,28
855,12,16,28
856,12,16,28
857,12,16,28
858,12,16,28
859,12,16,28
860,12,16,28
861,12,16,28
862,12,16,28
863,12,16,28
864,12,16,28
865,12,16,28
866,12,16,28
867,12,16,28
868,12,16,28
869,12,16,28
870,12,16,28
871,12,16,28
872,12,16,28
873,12,16,28
874,12,16,28
875,12,16,28
876,12,16,28
877,12,16,28
878,12,16,28
879,12,16,28
880,12,16,28
881,12,16,28
882,12,16,28
883,12,16,28
884,12,16,28
885,12,16,28
886,12,16,28
887,12,16,28
888,12,16,28
889,12,16,28
890,12,16,28
891,12,16,28
892,12,16,28
893,12,16,28
894,12,16,28
895,12,16,28
896,12,16,28
897,12,16,28
898,12,16,28
899,12,16,28
900,12,16,28
901,12,16,28
902,12,16,28
903,12,16,28
904,12,16,28
905,12,16,28
906,12,16,28
907,12,16,28
908,12,16,28
909,12,16,28
910,12,16,28
911,12,16,28
912,12,16,28
913,12,16,28
914,12,16,28
915,12,16,28
916,12,16,28
917,12,16,28
918,12,16,28
919,12,16,28
920,12,16,28
921,12,16,28
922,12,16,28
923,12,16,28
924,12,16,28
925,12,16,28
926,12,16,28
927,12,16,28
928,12,16,28
929,12,16,28
930,12,16,28
931,12,16,28
932,12,16,28
933,12,16,28
934,12,16,28
935,12,16,28
936,12,16,28
937,12,16,28
938,12,16,28
939,12,16,28
940,12,16,28
941,12,16,28
942,12,16,28
943,12,16,28
944,12,16,28
945,12,16,28
946,12,16,28
947,12,16,28
948,12,16,28
949,12,16,28
950,12,16,28
951,12,16,28
952,12,16,28
953,12,16,28
954,12,16,28
955,12,16,28
956,12,16,28
957,12,16,28
958,12,16,28
959,12,16,28
960,12,16,28
961,12,16,28
962,12,16,28
963,12,16,28
964,12,16,28
965,12,16,28
966,12,16,28
967,12,16,28
968,12,16,28
969,12,16,28
970,12,16,28
971,12,16,28
972,12,16,28
973,12,16,28
974,12,16,28
975,12,16,28
976,12,16,28
977,12,16,28
978,12,16,28
979,12,16,28
980,12,16,28
981,12,16,28
982,12,16,28
983,12,16,28
984,12,16,28
985,12,16,28
986,12,16,28
987,12,16,28
988,12,16,28
989,12,16,28
990,12,16,28
991,12,16,28
992,12,16,28
993,12,16,28
994,12,16,28
995,12,16,28
996,12,16,28
997,12,16,28
998,12,16,28
999,12,16,28
1000,12,16,28
1001,12,16,28
1002,12,16,28
1003,12,16,28
1004,12,16,28
1005,12,16,28
1006,12,16,28
1007,12,16,28
1008,12,16,28
1009,12,16,28
1010,12,16,28
1011,12,16,28
1012,12,16,28
1013,12,16,28
1014,12,16,28
1015,12,16,28
1016,12,16,28
1017,12,16,28
1018,12,16,28
1019,12,16,28
1020,12,16,28
1021,12,16,28
1022,12,16,28
1023,12,16,28
1024,12,16,28
1025,12,16,28
1026,12,16,28
1027,12,16,28
1028,12,16,28
1029,12,16,28
1030,12,16,28
1031,12,16,28
1032,12,16,28
1033,12,16,28
1034,12,16,28
1035,12,16,28
1036,12,16,28
1037,12,16,28
1038,12,16,28
1039,12,16,28
1040,12,16,28
1041,12,16,28
1042,12,16,28
1043,12,16,28
1044,12,16,28
1045,12,16,28
1046,12,16,28
1047,12,16,28
1048,12,16,28
1049,12,16,28
1050,12,16,28
1051,12,16,28
1052,12,16,28
1053,12,16,28
1054,12,16,28
1055,12,16,28
1056,12,16,28
1057,12,16,28
1058,12,16,28
1059,12,16,28
1060,12,16,28
1061,12,16,28
1062,12,16,28
1063,12,16,28
1064,12,16,28
1065,12,16,28
1066,12,16,28
1067,12,16,28
1068,12,16,28
1069,12,16,28
1070,12,16,28
1071,12,16,28
1072,12,16,28
1073,12,16,28
1074,12,16,28
1075,12,16,28
1076,12,16,28
1077,12,16,28
1078,12,16,28
1079,12,16,28
1080,12,16,28
1081,12,16,28
1082,12,16,28
1083,12,16,28
1084,12,16,28
1085,12,16,28
1086,12,16,28
1087,12,16,28
1088,12,16,28
1089,12,16,28
1090,12,16,28
1091,12,16,28
1092,12,16,28
1093,12,16,28
1094,12,16,28
1095,12,16,28
1096,12,16,28
1097,12,16,28
1098,12,16,28
1099,12,16,28
1100,12,16,28
1101,12,16,28
1102,12,16,28
1103,12,16,28
1104,12,16,28
1105,12,16,28
1106,12,16,28
1107,12,16,28
1108,12,16,28
1109,12,16,28
1110,12,16,28
1111,12,16,28
1112,12,16,28
1113,12,16,28
1114,12,16,28
1115,12,16,28
1116,12,16,28
1117,12,16,28
1118,12,16,28
1119,12,16,28
1120,12,16,28
1121,12,16,28
1122,12,16,28
1123,12,16,28
1124,12,16,28
1125,12,16,28
1126,12,16,28
1127,12,16,28
1128,12,16,28
1129,12,16,28
1130,12,16,28
1131,12,16,28
1132,12,16,28
1133,12,16,28
1134,12,16,28
1135,12,16,28
1136,12,16,28
1137,12,16,28
1138,12,16,28
1139,12,16,28
1140,12,16,28
1141,12,16,28
1142,12,16,28
1143,12,16,28
1144,12,16,28
1145,12,16,28
1146,12,16,28
1147,12,16,28
1148,12,16,28
1149,12,16,28
1150,12,16,28
1151,12,16,28
1152,12,16,28
1153,12,16,28
1154,12,16,28
1155,12,16,28
1156,12,16,28
1157,12,16,28
1158,12,16,28
1159,12,16,28
1160,12,16,28
1161,12,16,28
1162,12,16,28
1163,12,16,28
1164,12,16,28
1165,12,16,28
1166,12,16,28
1167,12,16,28
1168,12,16,28
1169,12,16,28
1170,12,16,28
1171,12,16,28
1172,12,16,28
1173,12,16,28
1174,12,16,28
1175,12,16,28
1176,12,16,28
1177,12,16,28
1178,12,16,28
1179,12,16,28
1180,12,16,28
1181,12,16,28
1182,12,16,28
1183,12,16,28
1184,12,16,28
1185,12,16,28
1186,12,16,28
1187,12,16,28
1188,12,16,28
1189,12,16,28
1190,12,16,28
1191,12,16,28
1192,12,16,28
1193,12,16,28
1194,12,16,28
1195,12,16,28
1196,12,16,28
1197,12,16,28
1198,12,16,28
1199,12,16,28
1200,12,16,28
1201,12,16,28
1202,12,16,28
1203,12,16,28
1204,12,16,28
1205,12,16,28
1206,12,16,28
1207,12,16,28
1208,12,16,28
1209,12,16,28
1210,12,16,28
1211,12,16,28
1212,12,16,28
1213,12,16,28
1214,12,16,28
1215,12,16,28
1216,12,16,28
1217,12,16,28
1218,12,16,28
1219,12,16,28
1220,12,16,28
1221,12,16,28
1222,12,16,28
1223,12,16,28
1224,12,16,28
1225,12,16,28
1226,12,16,28
1227,12,16,28
1228,12,16,28
1229,12,16,28
1230,12,16,28
1231,12,16,28
1232,12,16,28
1233,12,16,28
1234,12,16,28
1235,12,16,28
1236,12,16,28
1237,12,16,28
1238,12,16,28
1239,12,16,28
1240,12,16,28
1241,12,16,28
1242,12,16,28
1243,12,16,28
1244,12,16,28
1245,12,16,28
1246,12,16,28
1247,12,16,28
1248,12,16,28
1249,12,16,28
1250,12,16,28
1251,12,16,28
1252,12,16,28
1253,12,16,28
1254,12,16,28
1255,12,16,28
1256,12,16,28
1257,12,16,28
1258,12,16,28
1259,12,16,28
1260,12,16,28
1261,12,16,28
1262,12,16,28
1263,12,16,28
1264,12,16,28
1265,12,16,28
1266,12,16,28
1267,12,16,28
1268,12,16,28
1269,12,16,28
1270,12,16,28
1271,12,16,28
1272,12,16,28
1273,12,16,28
1274,12,16,28
1275,12,16,28
1276,12,16,28
1277,12,16,28
1278,12,16,28
1279,12,16,28
1280,12,16,28
1281,12,16,28
1282,12,16,28
1283,12,16,28
1284,12,16,28
1285,12,16,28
1286,12,16,28
1287,12,16,28
1288,12,16,28
1289,12,16,28
1290,12,16,28
1291,12,16,28
1292,12,16,28
1293,12,16,28
1294,12,16,28
1295,12,16,28
1296,12,16,28
1297,12,16,28
1298,12,16,28
1299,12,16,28
1300,12,16,28
1301,12,16,28
1302,12,16,28
1303,12,16,28
1304,12,16,28
1305,12,16,28
1306,12,16,28
1307,12,16,28
1308,12,16,28
1309,12,16,28
1310,12,16,28
1311,12,16,28
1312,12,16,28
1313,12,16,28
1314,12,16,28
1315,12,16,28
1316,12,16,28
1317,12,16,28
1318,12,16,28
1319,12,16,28
1320,12,16,28
1321,12,16,28
1322,12,16,28
1323,12,16,28
1324,12,16,28
1325,12,16,28
1326,12,16,28
1327,12,16,28
1328,12,16,28
1329,12,16,28
1330,12,16,28
1331,12,16,28
1332,12,16,28
1333,12,16,28
1334,12,16,28
1335,12,16,28
1336,12,16,28
1337,12,16,28
1338,12,16,28
1339,12,16,28
1340,12,16,28
1341,12,16,28
1342,12,16,28
1343,12,16,28
1344,12,16,28
1345,12,16,28
1346,12,16,28
1347,12,16,28
1348,12,16,28
1349,12,16,28
1350,12,16,28
1351,12,16,28
1352,12,16,28
1353,12,16,28
1354,12,16,28
1355,12,16,28
1356,12,16,28
1357,12,16,28
1358,12,16,28
1359,12,16,28
1360,12,16,28
1361,12,16,28
1362,12,16,28
1363,12,16,28
1364,12,16,28
1365,12,16,28
1366,12,16,28
1367,12,16,28
1368,12,16,28
1369,12,16,28
1370,12,16,28
1371,12,16,28
1372,12,16,28
1373,12,16,28
1374,12,16,28
1375,12,16,28
1376,12,16,28
1377,12,16,28
1378,12,16,28
1379,12,16,28
1380,12,16,28
1381,12,16,28
1382,12,16,28
1383,12,16,28
1384,12,16,28
1385,12,16,28
1386,12,16,28
1387,12,16,28
1388,12,16,28
1389,12,16,28
1390,12,16,28
1391,12,16,28
1392,12,16,28
1393,12,16,28
1394,12,16,28
1395,12,16,28
1396,12,16,28
1397,12,16,28
1398,12,16,28
1399,12,16,28
1400,12,16,28
1401,12,16,28
1402,12,16,28
1403,12,16,28
1404,12,16,28
1405,12,16,28
1406,12,16,28
1407,12,16,28
1408,12,16,28
1409,12,16,28
1410,12,16,28
1411,12,16,28
1412,12,16,28
1413,12,16,28
1414,12,16,28
1415,12,16,28
1416,12,16,28
1417,12,16,28
1418,12,16,28
1419,12,16,28
1420,12,16,28
1421,12,16,28
1422,12,16,28
1423,12,16,28
1424,12,16,28
1425,12,16,28
1426,12,16,28
1427,12,16,28
1428,12,16,28
1429,12,16,28
1430,12,16,28
1431,12,16,28
1432,12,16,28
1433,12,16,28
1434,12,16,28
1435,12,16,28
1436,12,16,28
1437,12,16,28
1438,12,16,28
1439,12,16,28
1440,12,16,28
1441,12,16,28
1442,12,16,28
1443,12,16,28
1444,12,16,28
1445,12,16,28
1446,12,16,28
1447,12,16,28
1448,12,16,28
1449,12,16,28
1450,12,16,28
1451,12,16,28
1452,12,16,28
1453,12,16,28
1454,12,16,28
1455,12,16,28
1456,12,16,28
1457,12,16,28
1458,12,16,28
1459,12,16,28
1460,12,16,28
1461,12,16,28
1462,12,16,28
1463,12,16,28
1464,12,16,28
1465,12,16,28
1466,12,16,28
1467,12,16,28
1468,12,16,28
1469,12,16,28
1470,12,16,28
1471,12,16,28
1472,12,16,28
1473,12,16,28
1474,12,16,28
1475,12,16,28
1476,12,16,28
1477,12,16,28
1478,12,16,28
1479,12,16,28
1480,12,16,28
1481,12,16,28
1482,12,16,28
1483,12,16,28
1484,12,16,28
1485,12,16,28
1486,12,16,28
1487,12,16,28
1488,12,16,28
1489,12,16,28
1490,12,16,28
1491,12,16,28
1492,12,16,28
1493,12,16,28
1494,12,16,28
1495,12,16,28
1496,12,16,28
1497,12,16,28
1498,12,16,28
1499,12,16,28
1500,12,16,28
1501,12,16,28
1502,12,16,28
1503,12,16,28
1504,12,16,28
1505,12,16,28
1506,12,16,28
1507,12,16,28
1508,12,16,28
1509,12,16,28
1510,12,16,28
1511,12,16,28
1512,12,16,28
1513,12,16,28
1514,12,16,28
1515,12,16,28
1516,12,16,28
1517,12,16,28
1518,12,16,28
1519,12,16,28
1520,12,16,28
1521,12,16,28
1522,12,16,28
1523,12,16,28
1524,12,16,28
1525,12,16,28
1526,12,16,28
1527,12,16,28
1528,12,16,28
1529,12,16,28
1530,12,16,28
1531,12,16,28
1532,12,16,28
1533,12,16,28
1534,12,16,28
1535,12,16,28
1536,12,16,28
1537,12,16,28
1538,12,16,28
1539,12,16,28
1540,12,16,28
1541,12,16,28
1542,12,16,28
1543,12,16,28
1544,12,16,28
1545,12,16,28
1546,12,16,28
1547,12,16,28
1548,12,16,28
1549,12,16,28
1550,12,16,28
1551,12,16,28
1552,12,16,28
1553,12,16,28
1554,12,16,28
1555,12,16,28
1556,12,16,28
1557,12,16,28
1558,12,16,28
1559,12,16,28
1560,12,16,28
1561,12,16,28
1562,12,16,28
1563,12,16,28
1564,12,16,28
1565,12,16,28
1566,12,16,28
1567,12,16,28
1568,12,16,28
1569,12,16,28
1570,12,16,28
1571,12,16,28
1572,12,16,28
1573,12,16,28
1574,12,16,28
1575,12,16,28
1576,12,16,28
1577,12,16,28
1578,12,16,28
1579,12,16,28
1580,12,16,28
1581,12,16,28
1582,12,16,28
1583,12,16,28
1584,12,16,28
1585,12,16,28
1586,12,16,28
1587,12,16,28
1588,12,16,28
1589,12,16,28
1590,12,16,28
1591,12,16,28
1592,12,16,28
1593,12,16,28
1594,12,16,28
1595,12,16,28
1596,12,16,28
1597,12,16,28
1598,12,16,28
1599,12,16,28
1600,12,16,28
1601,12,16,28
1602,12,16,28
1603,12,16,28
1604,12,16,28
1605,12,16,28
1606,12,16,28
1607,12,16,28
1608,12,16,28
1609,12,16,28
1610,12,16,28
1611,12,16,28
1612,12,16,28
1613,12,16,28
1614,12,16,28
1615,12,16,28
1616,12,16,28
1617,12,16,28
1618,12,16,28
1619,12,16,28
1620,12,16,28
1621,12,16,28
1622,12,16,28
1623,12,16,28
1624,12,16,28
1625,12,16,28
1626,12,16,28
1627,12,16,28
1628,12,16,28
1629,12,16,28
1630,12,16,28
1631,12,16,28
1632,12,16,28
1633,12,16,28
1634,12,16,28
1635,12,16,28
1636,12,16,28
1637,12,16,28
1638,12,16,28
1639,12,16,28
1640,12,16,28
1641,12,16,28
1642,12,16,28
1643,12,16,28
1644,12,16,28
1645,12,16,28
1646,12,16,28
1647,12,16,28
1648,12,16,28
1649,12,16,28
1650,12,16,28
1651,12,16,28
1652,12,16,28
1653,12,16,28
1654,12,16,28
1655,12,16,28
1656,12,16,28
1657,12,16,28
1658,12,16,28
1659,12,16,28
1660,12,16,28
1661,12,16,28
1662,12,16,28
1663,12,16,28
1664,12,16,28
1665,12,16,28
1666,12,16,28
1667,12,16,28
1668,12,16,28
1669,12,16,28
1670,12,16,28
1671,12,16,28
1672,12,16,28
1673,12,16,28
1674,12,16,28
1675,12,16,28
1676,12,16,28
1677,12,16,28
1678,12,16,28
1679,12,16,28
1680,12,16,28
1681,12,16,28
1682,12,16,28
1683,12,16,28
1684,12,16,28
1685,12,16,28
1686,12,16,28
1687,12,16,28
1688,12,16,28
1689,12,16,28
1690,12,16,28
1691,12,16,28
1692,12,16,28
1693,12,16,28
1694,12,16,28
1695,12,16,28
1696,12,16,28
1697,12,16,28
1698,12,16,28
1699,12,16,28
1700,12,16,28
1701,12,16,28
1702,12,16,28
1703,12,16,28
1704,12,16,28
1705,12,16,28
1706,12,16,28
1707,12,16,28
1708,12,16,28
1709,12,16,28
1710,12,16,28
1711,12,16,28
1712,12,16,28
1713,12,16,28
1714,12,16,28
1715,12,16,28
1716,12,16,28
1717,12,16,28
1718,12,16,28
1719,12,16,28
1720,12,16,28
1721,12,16,28
1722,12,16,28
1723,12,16,28
1724,12,16,28
1725,12,16,28
1726,12,16,28
1727,12,16,28
1728,12,16,28
1729,12,16,28
1730,12,16,28
1731,12,16,28
1732,12,16,28
1733,12,16,28
1734,12,16,28
1735,12,16,28
1736,12,16,28
1737,12,16,28
1738,12,16,28
1739,12,16,28
1740,12,16,28
1741,12,16,28
1742,12,16,28
1743,12,16,28
1744,12,16,28
1745,12,16,28
1746,12,16,28
1747,12,16,28
1748,12,16,28
1749,12,16,28
1750,12,16,28
1751,12,16,28
1752,12,16,28
1753,12,16,28
1754,12,16,28
1755,12,16,28
1756,12,16,28
1757,12,16,28
1758,12,16,28
1759,12,16,28
1760,12,16,28
1761,12,16,28
1762,12,16,28
1763,12,16,28
1764,12,16,28
1765,12,16,28
1766,12,16,28
1767,12,16,28
1768,12,16,28
1769,12,16,28
1770,12,16,28
1771,12,16,28
1772,12,16,28
1773,12,16,28
1774,12,16,28
1775,12,16,28
1776,12,16,28
1777,12,16,28
1778,12,16,28
1779,12,16,28
1780,12,16,28
1781,12,16,28
1782,12,16,28
1783,12,16,28
1784,12,16,28
1785,12,16,28
1786,12,16,28
1787,12,16,28
1788,12,16,28
1789,12,16,28
1790,12,16,28
1791,12,16,28
1792,12,16,28
1793,12,16,28
1794,12,16,28
1795,12,16,28
1796,12,16,28
1797,12,16,28
1798,12,16,28
1799,12,16,28
1800,12,16,28
1801,12,16,28
1802,12,16,28
1803,12,16,28
1804,12,16,28
1805,12,16,28
1806,12,16,28
1807,12,16,28
1808,12,16,28
1809,12,16,28
1810,12,16,28
1811,12,16,28
1812,12,16,28
1813,12,16,28
1814,12,16,28
1815,12,16,28
1816,12,16,28
1817,12,16,28
1818,12,16,28
1819,12,16,28
1820,12,16,28
1821,12,16,28
1822,12,16,28
1823,12,16,28
1824,12,16,28
1825,12,16,28
1826,12,16,28
1827,12,16,28
1828,12,16,28
1829,12,16,28
1830,12,16,28
1831,12,16,28
1832,12,16,28
1833,12,16,28
1834,12,16,28
1835,12,16,28
1836,12,16,28
1837,12,16,28
1838,12,16,28
1839,12,16,28
1840,12,16,28
1841,12,16,28
1842,12,16,28
1843,12,16,28
1844,12,16,28
1845,12,16,28
1846,12,16,28
1847,12,16,28
1848,12,16,28
1849,12,16,28
1850,12,16,28
1851,12,16,28
1852,12,16,28
1853,12,16,28
1854,12,16,28
1855,12,16,28
1856,12,16,28
1857,12,16,28
1858,12,16,28
1859,12,16,28
1860,12,16,28
1861,12,16,28
1862,12,16,28
1863,12,16,28
1864,12,16,28
1865,12,16,28
1866,12,16,28
1867,12,16,28
1868,12,16,28
1869,12,16,28
1870,12,16,28
1871,12,16,28
1872,12,16,28
1873,12,16,28
1874,12,16,28
1875,12,16,28
1876,12,16,28
1877,12,16,28
1878,12,16,28
1879,12,16,28
1880,12,16,28
1881,12,16,28
1882,12,16,28
1883,12,16,28
1884,12,16,28
1885,12,16,28
1886,12,16,28
1887,12,16,28
1888,12,16,28
1889,12,16,28
1890,12,16,28
1891,12,16,28
1892,12,16,28
1893,12,16,28
1894,12,16,28
1895,12,16,28
1896,12,16,28
1897,12,16,28
1898,12,16,28
1899,12,16,28
1900,12,16,28
1901,12,16,28
1902,12,16,28
1903,12,16,28
1904,12,16,28
1905,12,16,28
1906,12,16,28
1907,12,16,28
1908,12,16,28
1909,12,16,28
1910,12,16,28
1911,12,16,28
1912,12,16,28
1913,12,16,28
1914,12,16,28
1915,12,16,28
1916,12,16,28
1917,12,16,28
1918,12,16,28
1919,12,16,28
1920,12,16,28
1921,12,16,28
1922,12,16,28
1923,12,16,28
1924,12,16,28
1925,12,16,28
1926,12,16,28
1927,12,16,28
1928,12,16,28
1929,12,16,28
1930,12,16,28
1931,12,16,28
1932,12,16,28
1933,12,16,28
1934,12,16,28
1935,12,16,28
1936,12,16,28
1937,12,16,28
1938,12,16,28
1939,12,16,28
1940,12,16,28
1941,12,16,28
1942,12,16,28
1943,12,16,28
1944,12,16,28
1945,12,16,28
1946,12,16,28
1947,12,16,28
1948,12,16,28
1949,12,16,28
1950,12,16,28
1951,12,16,28
1952,12,16,28
1953,12,16,28
1954,12,16,28
1955,12,16,28
1956,12,16,28
1957,12,16,28
1958,12,16,28
1959,12,16,28
1960,12,16,28
1961,12,16,28
1962,12,16,28
1963,12,16,28
1964,12,16,28
1965,12,16,28
1966,12,16,28
1967,12,16,28
1968,12,16,28
1969,12,16,28
1970,12,16,28
1971,12,16,28
1972,12,16,28
1973,12,16,28
1974,12,16,28
1975,12,16,28
1976,12,16,28
1977,12,16,28
1978,12,16,28
1979,12,16,28
1980,12,16,28
1981,12,16,28
1982,12,16,28
1983,12,16,28
1984,12,16,28
1985,12,16,28
1986,12,16,28
1987,12,16,28
1988,12,16,28
1989,12,16,28
1990,12,16,28
1991,12,16,28
1992,12,16,28
1993,12,16,28
1994,12,16,28
1995,12,16,28
1996,12,16,28
1997,12,16,28
1998,12,16,28
1999,12,16,28
2000,12,16,28
2001,12,16,28
2002,12,16,28
2003,12,16,28
2004,12,16,28
2005,12,16,28
2006,12,16,28
2007,12,16,28
2008,12,16,28
2009,12,16,28
2010,12,16,28
2011,12,16,28
2012,12,16,28
2013,12,16,28
2014,12,16,28
2015,12,16,28
2016,12,16,28
2017,12,16,28
2018,12,16,28
2019,12,16,28
2020,12,16,28
2021,12,16,28
2022,12,16,28
2023,12,16,28
2024,12,16,28
2025,12,16,28
2026,12,16,28
2027,12,16,28
2028,12,16,28
2029,12,16,28
2030,12,16,28
2031,12,16,28
2032,12,16,28
2033,12,16,28
2034,12,16,28
2035,12,16,28
2036,12,16,28
2037,12,16,28
2038,12,16,28
2039,12,16,28
2040,12,16,28
2041,12,16,28
2042,12,16,28
2043,12,16,28
2044,12,16,28
2045,12,16,28
2046,12,16,28
2047,12,16,28
2048,12,16,28
2049,12,16,28
2050,12,16,28
2051,12,16,28
2052,12,16,28
2053,12,16,28
2054,12,16,28
2055,12,16,28
2056,12,16,28
2057,12,16,28
2058,12,16,28
2059,12,16,28
2060,12,16,28
2061,12,16,28
2062,12,16,28
2063,12,16,28
2064,12,16,28
2065,12,16,28
2066,12,16,28
2067,12,16,28
2068,12,16,28
2069,12,16,28
2070,12,16,28
2071,12,16,28
2072,12,16,28
2073,12,16,28
2074,12,16,28
2075,12,16,28
2076,12,16,28
2077,12,16,28
2078,12,16,28
2079,12,16,28
2080,12,16,28
2081,12,16,28
2082,12,16,28
2083,12,16,28
2084,12,16,28
2085,12,16,28
2086,12,16,28
2087,12,16,28
2088,12,16,28
2089,12,16,28
2090,12,16,28
2091,12,16,28
2092,12,16,28
2093,12,16,28
2094,12,16,28
2095,12,16,28
2096,12,16,28
2097,12,16,28
2098,12,16,28
2099,12,16,28
2100,12,16,28
2101,12,16,28
2102,12,16,28
2103,12,16,28
2104,12,16,28
2105,12,16,28
2106,12,16,28
2107,12,16,28
2108,12,16,28
2109,12,16,28
2110,12,16,28
2111,12,16,28
2112,12,16,28
2113,12,16,28
2114,12,16,28
2115,12,16,28
2116,12,16,28
2117,12,16,28
2118,12,16,28
2119,12,16,28
2120,12,16,28
2121,12,16,28
2122,12,16,28
2123,12,16,28
2124,12,16,28
2125,12,16,28
2126,12,16,28
2127,12,16,28
2128,12,16,28
2129,12,16,28
2130,12,16,28
2131,12,16,28
2132,12,16,28
2133,12,16,28
2134,12,16,28
2135,12,16,28
2136,12,16,28
2137,12,16,28
2138,12,16,28
2139,12,16,28
2140,12,16,28
2141,12,16,28
2142,12,16,28
2143,12,16,28
2144,12,16,28
2145,12,16,28
2146,12,16,28
2147,12,16,28
2148,12,16,28
2149,12,16,28
2150,12,16,28
2151,12,16,28
2152,12,16,28
2153,12,16,28
2154,12,16,28
2155,12,16,28
2156,12,16,28
2157,12,16,28
2158,12,16,28
2159,12,16,28
2160,12,16,28
2161,12,16,28
2162,12,16,28
2163,12,16,28
2164,12,16,28
2165,12,16,28
2166,12,16,28
2167,12,16,28
2168,12,16,28
2169,12,16,28
2170,12,16,28
2171,12,16,28
2172,12,16,28
2173,12,16,28
2174,12,16,28
2175,12,16,28
2176,12,16,28
2177,12,16,28
2178,12,16,28
2179,12,16,28
2180,12,16,28
2181,12,16,28
2182,12,16,28
2183,12,16,28
2184,12,16,28
2185,12,16,28
2186,12,16,28
2187,12,16,28
2188,12,16,28
2189,12,16,28
2190,12,16,28
2191,12,16,28
2192,12,16,28
2193,12,16,28
2194,12,16,28
2195,12,16,28
2196,12,16,28
2197,12,16,28
2198,12,16,28
2199,12,16,28
2200,12,16,28
2201,12,16,28
2202,12,16,28
2203,12,16,28
2204,12,16,28
2205,12,16,28
2206,12,16,28
2207,12,16,28
2208,12,16,28
2209,12,16,28
2210,12,16,28
2211,12,16,28
2212,12,16,28
2213,12,16,28
2214,12,16,28
2215,12,16,28
2216,12,16,28
2217,12,16,28
2218,12,16,28
2219,12,16,28
2220,12,16,28
2221,12,16,28
2222,12,16,28
2223,12,16,28
2224,12,16,28
2225,12,16,28
2226,12,16,28
2227,12,16,28
2228,12,16,28
2229,12,16,28
2230,12,16,28
2231,12,16,28
2232,12,16,28
2233,12,16,28
2234,12,16,28
2235,12,16,28
2236,12,16,28
2237,12,16,28
2238,12,16,28
2239,12,16,28
2240,12,16,28
2241,12,16,28
2242,12,16,28
2243,12,16,28
2244,12,16,28
2245,12,16,28
2246,12,16,28
2247,12,16,28
2248,12,16,28
2249,12,16,28
2250,12,16,28
2251,12,16,28
2252,12,16,28
2253,12,16,28
2254,12,16,28
2255,12,16,28
2256,12,16,28
2257,12,16,28
2258,12,16,28
2259,12,16,28
2260,12,16,28
2261,12,16,28
2262,12,16,28
2263,12,16,28
2264,12,16,28
2265,12,16,28
2266,12,16,28
2267,12,16,28
2268,12,16,28
2269,12,16,28
2270,12,16,28
2271,12,16,28
2272,12,16,28
2273,12,16,28
2274,12,16,28
2275,12,16,28
2276,12,16,28
2277,12,16,28
2278,12,16,28
2279,12,16,28
2280,12,16,28
2281,12,16,28
2282,12,16,28
2283,12,16,28
2284,12,16,28
2285,12,16,28
2286,12,16,28
2287,12,16,28
2288,12,16,28
2289,12,16,28
2290,12,16,28
2291,12,16,28
2292,12,16,28
2293,12,16,28
2294,12,16,28
2295,12,16,28
2296,12,16,28
2297,12,16,28
2298,12,16,28
2299,12,16,28
2300,12,16,28
2301,12,16,28
2302,12,16,28
2303,12,16,28
2304,12,16,28
2305,12,16,28
2306,12,16,28
2307,12,16,28
2308,12,16,28
2309,12,16,28
2310,12,16,28
2311,12,16,28
2312,12,16,28
2313,12,16,28
2314,12,16,28
2315,12,16,28
2316,12,16,28
2317,12,16,28
2318,12,16,28
2319,12,16,28
2320,12,16,28
2321,12,16,28
2322,12,16,28
2323,12,16,28
2324,12,16,28
2325,12,16,28
2326,12,16,28
2327,12,16,28
2328,12,16,28
2329,12,16,28
2330,12,16,28
2331,12,16,28
2332,12,16,28
2333,12,16,28
2334,12,16,28
2335,12,16,28
2336,12,16,28
2337,12,16,28
2338,12,16,28
2339,12,16,28
2340,12,16,28
2341,12,16,28
2342,12,16,28
2343,12,16,28
2344,12,16,28
2345,12,16,28
2346,12,16,28
2347,12,16,28
2348,12,16,28
2349,12,16,28
2350,12,16,28
2351,12,16,28
2352,12,16,28
2353,12,16,28
2354,12,16,28
2355,12,16,28
2356,12,16,28
2357,12,16,28
2358,12,16,28
2359,12,16,28
2360,12,16,28
2361,12,16,28
2362,12,16,28
2363,12,16,28
2364,12,16,28
2365,12,16,28
2366,12,16,28
2367,12,16,28
2368,12,16,28
2369,12,16,28
2370,12,16,28
2371,12,16,28
2372,12,16,28
2373,12,16,28
2374,12,16,28
2375,12,16,28
2376,12,16,28
2377,12,16,28
2378,12,16,28
2379,12,16,28
2380,12,16,28
2381,12,16,28
2382,12,16,28
2383,12,16,28
2384,12,16,28
2385,12,16,28
2386,12,16,28
2387,12,16,28
2388,12,16,28
2389,12,16,28
2390,12,16,28
2391,12,16,28
2392,12,16,28
2393,12,16,28
2394,12,16,28
2395,12,16,28
2396,12,16,28
2397,12,16,28
2398,12,16,28
2399,12,16,28
2400,12,16,28
2401,12,16,28
2402,12,16,28
2403,12,16,28
2404,12,16,28
2405,12,16,28
2406,12,16,28
2407,12,16,28
2408,12,16,28
2409,12,16,28
2410,12,16,28
2411,12,16,28
2412,12,16,28
2413,12,16,28
2414,12,16,28
2415,12,16,28
2416,12,16,28
2417,12,16,28
2418,12,16,28
2419,12,16,28
2420,12,16,28
2421,12,16,28
2422,12,16,28
2423,12,16,28
2424,12,16,28
2425,12,16,28
2426,12,16,28
2427,12,16,28
2428,12,16,28
2429,12,16,28
2430,12,16,28
2431,12,16,28
2432,12,16,28
2433,12,16,28
2434,12,16,28
2435,12,16,28
2436,12,16,28
2437,12,16,28
2438,12,16,28
2439,12,16,28
2440,12,16,28
2441,12,16,28
2442,12,16,28
2443,12,16,28
2444,12,16,28
2445,12,16,28
2446,12,16,28
2447,12,16,28
2448,12,16,28
2449,12,16,28
2450,12,16,28
2451,12,16,28
2452,12,16,28
2453,12,16,28
2454,12,16,28
2455,12,16,28
2456,12,16,28
2457,12,16,28
2458,12,16,28
2459,12,16,28
2460,12,16,28
2461,12,16,28
2462,12,16,28
2463,12,16,28
2464,12,16,28
2465,12,16,28
2466,12,16,28
2467,12,16,28
2468,12,16,28
2469,12,16,28
2470,12,16,28
2471,12,16,28
2472,12,16,28
2473,12,16,28
2474,12,16,28
2475,12,16,28
2476,12,16,28
2477,12,16,28
2478,12,16,28
2479,12,16,28
2480,12,16,28
2481,12,16,28
2482,12,16,28
2483,12,16,28
2484,12,16,28
2485,12,16,28
2486,12,16,28
2487,12,16,28
2488,12,16,28
2489,12,16,28
2490,12,16,28
2491,12,16,28
2492,12,16,28
2493,12,16,28
2494,12,16,28
2495,12,16,28
2496,12,16,28
2497,12,16,28
2498,12,16,28
2499,12,16,28
2500,12,16,28
2501,12,16,28
2502,12,16,28
2503,12,16,28
2504,12,16,28
2505,12,16,28
2506,12,16,28
2507,12,16,28
2508,12,16,28
2509,12,16,28
2510,12,16,28
2511,12,16,28
2512,12,16,28
2513,12,16,28
2514,12,16,28
2515,12,16,28
2516,12,16,28
2517,12,16,28
2518,12,16,28
2519,12,16,28
2520,12,16,28
2521,12,16,28
2522,12,16,28
2523,12,16,28
2524,12,16,28
2525,12,16,28
2526,12,16,28
2527,12,16,28
2528,12,16,28
2529,12,16,28
2530,12,16,28
2531,12,16,28
2532,12,16,28
2533,12,16,28
2534,12,16,28
2535,12,16,28
2536,12,16,28
2537,12,16,28
2538,12,16,28
2539,12,16,28
2540,12,16,28
2541,12,16,28
2542,12,16,28
2543,12,16,28
2544,12,16,28
2545,12,16,28
2546,12,16,28
2547,12,16,28
2548,12,16,28
2549,12,16,28
2550,12,16,28
2551,12,16,28
2552,12,16,28
2553,12,16,28
2554,12,16,28
2555,12,16,28
2556,12,16,28
2557,12,16,28
2558,12,16,28
2559,12,16,28
2560,12,16,28
2561,12,16,28
2562,12,16,28
2563,12,16,28
2564,12,16,28
2565,12,16,28
2566,12,16,28
2567,12,16,28
2568,12,16,28
2569,12,16,28
2570,12,16,28
2571,12,16,28
2572,12,16,28
2573,12,16,28
2574,12,16,28
2575,12,16,28
2576,12,16,28
2577,12,16,28
2578,12,16,28
2579,12,16,28
2580,12,16,28
2581,12,16,28
2582,12,16,28
2583,12,16,28
2584,12,16,28
2585,12,16,28
2586,12,16,28
2587,12,16,28
2588,12,16,28
2589,12,16,28
2590,12,16,28
2591,12,16,28
2592,12,16,28
2593,12,16,28
2594,12,16,28
2595,12,16,28
2596,12,16,28
2597,12,16,28
2598,12,16,28
2599,12,16,28
2600,12,16,28
2601,12,16,28
2602,12,16,28
2603,12,16,28
2604,12,16,28
2605,12,16,28
2606,12,16,28
2607,12,16,28
2608,12,16,28
2609,12,16,28
2610,12,16,28
2611,12,16,28
2612,12,16,28
2613,12,16,28
2614,12,16,28
2615,12,16,28
2616,12,16,28
2617,12,16,28
2618,12,16,28
2619,12,16,28
2620,12,16,28
2621,12,16,28
2622,12,16,28
2623,12,16,28
2624,12,16,28
2625,12,16,28
2626,12,16,28
2627,12,16,28
2628,12,16,28
2629,12,16,28
2630,12,16,28
2631,12,16,28
2632,12,16,28
2633,12,16,28
2634,12,16,28
2635,12,16,28
2636,12,16,28
2637,12,16,28
2638,12,16,28
2639,12,16,28
2640,12,16,28
2641,12,16,28
2642,12,16,28
2643,12,16,28
2644,12,16,28
2645,12,16,28
2646,12,16,28
2647,12,16,28
2648,12,16,28
2649,12,16,28
2650,12,16,28
2651,12,16,28
2652,12,16,28
2653,12,16,28
2654,12,16,28
2655,12,16,28
2656,12,16,28
2657,12,16,28
2658,12,16,28
2659,12,16,28
2660,12,16,28
2661,12,16,28
2662,12,16,28
2663,12,16,28
2664,12,16,28
2665,12,16,28
2666,12,16,28
2667,12,16,28
2668,12,16,28
2669,12,16,28
2670,12,16,28
2671,12,16,28
2672,12,16,28
2673,12,16,28
2674,12,16,28
2675,12,16,28
2676,12,16,28
2677,12,16,28
2678,12,16,28
2679,12,16,28
2680,12,16,28
2681,12,16,28
2682,12,16,28
2683,12,16,28
2684,12,16,28
2685,12,16,28
2686,12,16,28
2687,12,16,28
2688,12,16,28
2689,12,16,28
2690,12,16,28
2691,12,16,28
2692,12,16,28
2693,12,16,28
2694,12,16,28
2695,12,16,28
2696,12,16,28
2697,12,16,28
2698,12,16,28
2699,12,16,28
2700,12,16,28
2701,12,16,28
2702,12,16,28
2703,12,16,28
2704,12,16,28
2705,12,16,28
2706,12,16,28
2707,12,16,28
2708,12,16,28
2709,12,16,28
2710,12,16,28
2711,12,16,28
2712,12,16,28
2713,12,16,28
2714,12,16,28
2715,12,16,28
2716,12,16,28
2717,12,16,28
2718,12,16,28
2719,12,16,28
2720,12,16,28
2721,12,16,28
2722,12,16,28
2723,12,16,28
2724,12,16,28
2725,12,16,28
2726,12,16,28
2727,12,16,28
2728,12,16,28
2729,12,16,28
2730,12,16,28
2731,12,16,28
2732,12,16,28
2733,12,16,28
2734,12,16,28
2735,12,16,28
2736,12,16,28
2737,12,16,28
2738,12,16,28
2739,12,16,28
2740,12,16,28
2741,12,16,28
2742,12,16,28
2743,12,16,28
2744,12,16,28
2745,12,16,28
2746,12,16,28
2747,12,16,28
2748,12,16,28
2749,12,16,28
2750,12,16,28
2751,12,16,28
2752,12,16,28
2753,12,16,28
2754,12,16,28
2755,12,16,28
2756,12,16,28
2757,12,16,28
2758,12,16,28
2759,12,16,28
2760,12,16,28
2761,12,16,28
2762,12,16,28
2763,12,16,28
2764,12,16,28
2765,12,16,28
2766,12,16,28
2767,12,16,28
2768,12,16,28
2769,12,16,28
2770,12,16,28
2771,12,16,28
2772,12,16,28
2773,12,16,28
2774,12,16,28
2775,12,16,28
2776,12,16,28
2777,12,16,28
2778,12,16,28
2779,12,16,28
2780,12,16,28
2781,12,16,28
2782,12,16,28
2783,12,16,28
2784,12,16,28
2785,12,16,28
2786,12,16,28
2787,12,16,28
2788,12,16,28
2789,12,16,28
2790,12,16,28
2791,12,16,28
2792,12,16,28
2793,12,16,28
2794,12,16,28
2795,12,16,28
2796,12,16,28
2797,12,16,28
2798,12,16,28
2799,12,16,28
2800,12,16,28
2801,12,16,28
2802,12,16,28
2803,12,16,28
2804,12,16,28
2805,12,16,28
2806,12,16,28
2807,12,16,28
2808,12,16,28
2809,12,16,28
2810,12,16,28
2811,12,16,28
2812,12,16,28
2813,12,16,28
2814,12,16,28
2815,12,16,28
2816,12,16,28
2817,12,16,28
2818,12,16,28
2819,12,16,28
2820,12,16,28
2821,12,16,28
2822,12,16,28
2823,12,16,28
2824,12,16,28
2825,12,16,28
2826,12,16,28
2827,12,16,28
2828,12,16,28
2829,12,16,28
2830,12,16,28
2831,12,16,28
2832,12,16,28
2833,12,16,28
2834,12,16,28
2835,12,16,28
2836,12,16,28
2837,12,16,28
2838,12,16,28
2839,12,16,28
2840,12,16,28
2841,12,16,28
2842,12,16,28
2843,12,16,28
2844,12,16,28
2845,12,16,28
2846,12,16,28
2847,12,16,28
2848,12,16,28
2849,12,16,28
2850,12,16,28
2851,12,16,28
2852,12,16,28
2853,12,16,28
2854,12,16,28
2855,12,16,28
2856,12,16,28
2857,12,16,28
2858,12,16,28
2859,12,16,28
2860,12,16,28
2861,12,16,28
2862,12,16,28
2863,12,16,28
2864,12,16,28
2865,12,16,28
2866,12,16,28
2867,12,16,28
2868,12,16,28
2869,12,16,28
2870,12,16,28
2871,12,16,28
2872,12,16,28
2873,12,16,28
2874,12,16,28
2875,12,16,28
2876,12,16,28
2877,12,16,28
2878,12,16,28
2879,12,16,28
2880,12,16,28
2881,12,16,28
2882,12,16,28
2883,12,16,28
2884,12,16,28
2885,12,16,28
2886,12,16,28
2887,12,16,28
2888,12,16,28
2889,12,16,28
2890,12,16,28
2891,12,16,28
2892,12,16,28
2893,12,16,28
2894,12,16,28
2895,12,16,28
2896,12,16,28
2897,12,16,28
2898,12,16,28
2899,12,16,28
2900,12,16,28
2901,12,16,28
2902,12,16,28
2903,12,16,28
2904,12,16,28
2905,12,16,28
2906,12,16,28
2907,12,16,28
2908,12,16,28
2909,12,16,28
2910,12,16,28
2911,12,16,28
2912,12,16,28
2913,12,16,28
2914,12,16,28
2915,12,16,28
2916,12,16,28
2917,12,16,28
2918,12,16,28
2919,12,16,28
2920,12,16,28
2921,12,16,28
2922,12,16,28
2923,12,16,28
2924,12,16,28
2925,12,16,28
2926,12,16,28
2927,12,16,28
2928,12,16,28
2929,12,16,28
2930,12,16,28
2931,12,16,28
2932,12,16,28
2933,12,16,28
2934,12,16,28
2935,12,16,28
2936,12,16,28
2937,12,16,28
2938,12,16,28
2939,12,16,28
2940,12,16,28
2941,12,16,28
2942,12,16,28
2943,12,16,28
2944,12,16,28
2945,12,16,28
2946,12,16,28
2947,12,16,28
2948,12,16,28
2949,12,16,28
2950,12,16,28
2951,12,16,28
2952,12,16,28
2953,12,16,28
2954,12,16,28
2955,12,16,28
2956,12,16,28
2957,12,16,28
2958,12,16,28
2959,12,16,28
2960,12,16,28
2961,12,16,28
2962,12,16,28
2963,12,16,28
2964,12,16,28
2965,12,16,28
2966,12,16,28
2967,12,16,28
2968,12,16,28
2969,12,16,28
2970,12,16,28
2971,12,16,28
2972,12,16,28
2973,12,16,28
2974,12,16,28
2975,12,16,28
2976,12,16,28
2977,12,16,28
2978,12,16,28
2979,12,16,28
2980,12,16,28
2981,12,16,28
2982,12,16,28
2983,12,16,28
2984,12,16,28
2985,12,16,28
2986,12,16,28
2987,12,16,28
2988,12,16,28
2989,12,16,28
2990,12,16,28
2991,12,16,28
2992,12,16,28
2993,12,16,28
2994,12,16,28
2995,12,16,28
2996,12,16,28
2997,12,16,28
2998,12,16,28
2999,12,16,28
3000,12,16,28
3001,12,16,28
3002,12,16,28
3003,12,16,28
3004,12,16,28
3005,12,16,28
3006,12,16,28
3007,12,16,28
3008,12,16,28
3009,12,16,28
3010,12,16,28
3011,12,16,28
3012,12,16,28
3013,12,16,28
3014,12,16,28
3015,12,16,28
3016,12,16,28
3017,12,16,28
3018,12,16,28
3019,12,16,28
3020,12,16,28
3021,12,16,28
3022,12,16,28
3023,12,16,28
3024,12,16,28
3025,12,16,28
3026,12,16,28
3027,12,16,28
3028,12,16,28
3029,12,16,28
3030,12,16,28
3031,12,16,28
3032,12,16,28
3033,12,16,28
3034,12,16,28
3035,12,16,28
3036,12,16,28
3037,12,16,28
3038,12,16,28
3039,12,16,28
3040,12,16,28
3041,12,16,28
3042,12,16,28
3043,12,16,28
3044,12,16,28
3045,12,16,28
3046,12,16,28
3047,12,16,28
3048,12,16,28
3049,12,16,28
3050,12,16,28
3051,12,16,28
3052,12,16,28
3053,12,16,28
3054,12,16,28
3055,12,16,28
3056,12,16,28
3057,12,16,28
3058,12,16,28
3059,12,16,28
3060,12,16,28
3061,12,16,28
3062,12,16,28
3063,12,16,28
3064,12,16,28
3065,12,16,28
3066,12,16,28
3067,12,16,28
3068,12,16,28
3069,12,16,28
3070,12,16,28
3071,12,16,28
3072,12,16,28
3073,12,16,28
3074,12,16,28
3075,12,16,28
3076,12,16,28
3077,12,16,28
3078,12,16,28
3079,12,16,28
3080,12,16,28
3081,12,16,28
3082,12,16,28
3083,12,16,28
3084,12,16,28
3085,12,16,28
3086,12,16,28
3087,12,16,28
3088,12,16,28
3089,12,16,28
3090,12,16,28
3091,12,16,28
3092,12,16,28
3093,12,16,28
3094,12,16,28
3095,12,16,28
3096,12,16,28
3097,12,16,28
3098,12,16,28
3099,12,16,28
3100,12,16,28
3101,12,16,28
3102,12,16,28
3103,12,16,28
3104,12,16,28
3105,12,16,28
3106,12,16,28
3107,12,16,28
3108,12,16,28
3109,12,16,28
3110,12,16,28
3111,12,16,28
3112,12,16,28
3113,12,16,28
3114,12,16,28
3115,12,16,28
3116,12,16,28
3117,12,16,28
3118,12,16,28
3119,12,16,28
3120,12,16,28
3121,12,16,28
3122,12,16,28
3123,12,16,28
3124,12,16,28
3125,12,16,28
3126,12,16,28
3127,12,16,28
3128,12,16,28
3129,12,16,28
3130,12,16,28
3131,12,16,28
3132,12,16,28
3133,12,16,28
3134,12,16,28
3135,12,16,28
3136,12,16,28
3137,12,16,28
3138,12,16,28
3139,12,16,28
3140,12,16,28
3141,12,16,28
3142,12,16,28
3143,12,16,28
3144,12,16,28
3145,12,16,28
3146,12,16,28
3147,12,16,28
3148,12,16,28
3149,12,16,28
3150,12,16,28
3151,12,16,28
3152,12,16,28
3153,12,16,28
3154,12,16,28
3155,12,16,28
3156,12,16,28
3157,12,16,28
3158,12,16,28
3159,12,16,28
3160,12,16,28
3161,12,16,28
3162,12,16,28
3163,12,16,28
3164,12,16,28
3165,12,16,28
3166,12,16,28
3167,12,16,28
3168,12,16,28
3169,12,16,28
3170,12,16,28
3171,12,16,28
3172,12,16,28
3173,12,16,28
3174,12,16,28
3175,12,16,28
3176,12,16,28
3177,12,16,28
3178,12,16,28
3179,12,16,28
3180,12,16,28
3181,12,16,28
3182,12,16,28
3183,12,16,28
3184,12,16,28
3185,12,16,28
3186,12,16,28
3187,12,16,28
3188,12,16,28
3189,12,16,28
3190,12,16,28
3191,12,16,28
3192,12,16,28
3193,12,16,28
3194,12,16,28
3195,12,16,28
3196,12,16,28
3197,12,16,28
3198,12,16,28
3199,12,16,28
3200,12,16,28
3201,12,16,28
3202,12,16,28
3203,12,16,28
3204,12,16,28
3205,12,16,28
3206,12,16,28
3207,12,16,28
3208,12,16,28
3209,12,16,28
3210,12,16,28
3211,12,16,28
3212,12,16,28
3213,12,16,28
3214,12,16,28
3215,12,16,28
3216,12,16,28
3217,12,16,28
3218,12,16,28
3219,12,16,28
3220,12,16,28
3221,12,16,28
3222,12,16,28
3223,12,16,28
3224,12,16,28
3225,12,16,28
3226,12,16,28
3227,12,16,28
3228,12,16,28
3229,12,16,28
3230,12,16,28
3231,12,16,28
3232,12,16,28
3233,12,16,28
3234,12,16,28
3235,12,16,28
3236,12,16,28
3237,12,16,28
3238,12,16,28
3239,12,16,28
3240,12,16,28
3241,12,16,28
3242,12,16,28
3243,12,16,28
3244,12,16,28
3245,12,16,28
3246,12,16,28
3247,12,16,28
3248,12,16,28
3249,12,16,28
3250,12,16,28
3251,12,16,28
3252,12,16,28
3253,12,16,28
3254,12,16,28
3255,12,16,28
3256,12,16,28
3257,12,16,28
3258,12,16,28
3259,12,16,28
3260,12,16,28
3261,12,16,28
3262,12,16,28
3263,12,16,28
3264,12,16,28
3265,12,16,28
3266,12,16,28
3267,12,16,28
3268,12,16,28
3269,12,16,28
3270,12,16,28
3271,12,16,28
3272,12,16,28
3273,12,16,28
3274,12,16,28
3275,12,16,28
3276,12,16,28
3277,12,16,28
3278,12,16,28
3279,12,16,28
3280,12,16,28
3281,12,16,28
3282,12,16,28
3283,12,16,28
3284,12,16,28
3285,12,16,28
3286,12,16,28
3287,12,16,28
3288,12,16,28
3289,12,16,28
3290,12,16,28
3291,12,16,28
3292,12,16,28
3293,12,16,28
3294,12,16,28
3295,12,16,28
3296,12,16,28
3297,12,16,28
3298,12,16,28
3299,12,16,28
3300,12,16,28
3301,12,16,28
3302,12,16,28
3303,12,16,28
3304,12,16,28
3305,12,16,28
3306,12,16,28
3307,12,16,28
3308,12,16,28
3309,12,16,28
3310,12,16,28
3311,12,16,28
3312,12,16,28
3313,12,16,28
3314,12,16,28
3315,12,16,28
3316,12,16,28
3317,12,16,28
3318,12,16,28
3319,12,16,28
3320,12,16,28
3321,12,16,28
3322,12,16,28
3323,12,16,28
3324,12,16,28
3325,12,16,28
3326,12,16,28
3327,12,16,28
3328,12,16,28
3329,12,16,28
3330,12,16,28
3331,12,16,28
3332,12,16,28
3333,12,16,28
3334,12,16,28
3335,12,16,28
3336,12,16,28
3337,12,16,28
3338,12,16,28
3339,12,16,28
3340,12,16,28
3341,12,16,28
3342,12,16,28
3343,12,16,28
3344,12,16,28
3345,12,16,28
3346,12,16,28
3347,12,16,28
3348,12,16,28
3349,12,16,28
3350,12,16,28
3351,12,16,28
3352,12,16,28
3353,12,16,28
3354,12,16,28
3355,12,16,28
3356,12,16,28
3357,12,16,28
3358,12,16,28
3359,12,16,28
3360,12,16,28
3361,12,16,28
3362,12,16,28
3363,12,16,28
3364,12,16,28
3365,12,16,28
3366,12,16,28
3367,12,16,28
3368,12,16,28
3369,12,16,28
3370,12,16,28
3371,12,16,28
3372,12,16,28
3373,12,16,28
3374,12,16,28
3375,12,16,28
3376,12,16,28
3377,12,16,28
3378,12,16,28
3379,12,16,28
3380,12,16,28
3381,12,16,28
3382,12,16,28
3383,12,16,28
3384,12,16,28
3385,12,16,28
3386,12,16,28
3387,12,16,28
3388,12,16,28
3389,12,16,28
3390,12,16,28
3391,12,16,28
3392,12,16,28
3393,12,16,28
3394,12,16,28
3395,12,16,28
3396,12,16,28
3397,12,16,28
3398,12,16,28
3399,12,16,28
3400,12,16,28
3401,12,16,28
3402,12,16,28
3403,12,16,28
3404,12,16,28
3405,12,16,28
3406,12,16,28
3407,12,16,28
3408,12,16,28
3409,12,16,28
3410,12,16,28
3411,12,16,28
3412,12,16,28
3413,12,16,28
3414,12,16,28
3415,12,16,28
3416,12,16,28
3417,12,16,28
3418,12,16,28
3419,12,16,28
3420,12,16,28
3421,12,16,28
3422,12,16,28
3423,12,16,28
3424,12,16,28
3425,12,16,28
3426,12,16,28
3427,12,16,28
3428,12,16,28
3429,12,16,28
3430,12,16,28
3431,12,16,28
3432,12,16,28
3433,12,16,28
3434,12,16,28
3435,12,16,28
3436,12,16,28
3437,12,16,28
3438,12,16,28
3439,12,16,28
3440,12,16,28
3441,12,16,28
3442,12,16,28
3443,12,16,28
3444,12,16,28
3445,12,16,28
3446,12,16,28
3447,12,16,28
3448,12,16,28
3449,12,16,28
3450,12,16,28
3451,12,16,28
3452,12,16,28
3453,12,16,28
3454,12,16,28
3455,12,16,28
3456,12,16,28
3457,12,16,28
3458,12,16,28
3459,12,16,28
3460,12,16,28
3461,12,16,28
3462,12,16,28
3463,12,16,28
3464,12,16,28
3465,12,16,28
3466,12,16,28
3467,12,16,28
3468,12,16,28
3469,12,16,28
3470,12,16,28
3471,12,16,28
3472,12,16,28
3473,12,16,28
3474,12,16,28
3475,12,16,28
3476,12,16,28
3477,12,16,28
3478,12,16,28
3479,12,16,28
3480,12,16,28
3481,12,16,28
3482,12,16,28
3483,12,16,28
3484,12,16,28
3485,12,16,28
3486,12,16,28
3487,12,16,28
3488,12,16,28
3489,12,16,28
3490,12,16,28
3491,12,16,28
3492,12,16,28
3493,12,16,28
3494,12,16,28
3495,12,16,28
3496,12,16,28
3497,12,16,28
3498,12,16,28
3499,12,16,28
3500,12,16,28
3501,12,16,28
3502,12,16,28
3503,12,16,28
3504,12,16,28
3505,12,16,28
3506,12,16,28
3507,12,16,28
3508,12,16,28
3509,12,16,28
3510,12,16,28
3511,12,16,28
3512,12,16,28
3513,12,16,28
3514,12,16,28
3515,12,16,28
3516,12,16,28
3517,12,16,28
3518,12,16,28
3519,12,16,28
3520,12,16,28
3521,12,16,28
3522,12,16,28
3523,12,16,28
3524,12,16,28
3525,12,16,28
3526,12,16,28
3527,12,16,28
3528,12,16,28
3529,12,16,28
3530,12,16,28
3531,12,16,28
3532,12,16,28
3533,12,16,28
3534,12,16,28
3535,12,16,28
3536,12,16,28
3537,12,16,28
3538,12,16,28
3539,12,16,28
3540,12,16,28
3541,12,16,28
3542,12,16,28
3543,12,16,28
3544,12,16,28
3545,12,16,28
3546,12,16,28
3547,12,16,28
3548,12,16,28
3549,12,16,28
3550,12,16,28
3551,12,16,28
3552,12,16,28
3553,12,16,28
3554,12,16,28
3555,12,16,28
3556,12,16,28
3557,12,16,28
3558,12,16,28
3559,12,16,28
3560,12,16,28
3561,12,16,28
3562,12,16,28
3563,12,16,28
3564,12,16,28
3565,12,16,28
3566,12,16,28
3567,12,16,28
3568,12,16,28
3569,12,16,28
3570,12,16,28
3571,12,16,28
3572,12,16,28
3573,12,16,28
3574,12,16,28
3575,12,16,28
3576,12,16,28
3577,12,16,28
3578,12,16,28
3579,12,16,28
3580,12,16,28
3581,12,16,28
3582,12,16,28
3583,12,16,28
3584,12,16,28
3585,12,16,28
3586,12,16,28
3587,12,16,28
3588,12,16,28
3589,12,16,28
3590,12,16,28
3591,12,16,28
3592,12,16,28
3593,12,16,28
3594,12,16,28
3595,12,16,28
3596,12,16,28
3597,12,16,28
3598,12,16,28
3599,12,16,28
3600,12,16,28
3601,12,16,28
3602,12,16,28
3603,12,16,28
3604,12,16,28
3605,12,16,28
3606,12,16,28
3607,12,16,28
3608,12,16,28
3609,12,16,28
3610,12,16,28
3611,12,16,28
3612,12,16,28
3613,12,16,28
3614,12,16,28
3615,12,16,28
3616,12,16,28
3617,12,16,28
3618,12,16,28
3619,12,16,28
3620,12,16,28
3621,12,16,28
3622,12,16,28
3623,12,16,28
3624,12,16,28
3625,12,16,28
3626,12,16,28
3627,12,16,28
3628,12,16,28
3629,12,16,28
3630,12,16,28
3631,12,16,28
3632,12,16,28
3633,12,16,28
3634,12,16,28
3635,12,16,28
3636,12,16,28
3637,12,16,28
3638,12,16,28
3639,12,16,28
3640,12,16,28
3641,12,16,28
3642,12,16,28
3643,12,16,28
3644,12,16,28
3645,12,16,28
3646,12,16,28
3647,12,16,28
3648,12,16,28
3649,12,16,28
3650,12,16,28
3651,12,16,28
3652,12,16,28
3653,12,16,28
3654,12,16,28
3655,12,16,28
3656,12,16,28
3657,12,16,28
3658,12,16,28
3659,12,16,28
3660,12,16,28
3661,12,16,28
3662,12,16,28
3663,12,16,28
3664,12,16,28
3665,12,16,28
3666,12,16,28
3667,12,16,28
3668,12,16,28
3669,12,16,28
3670,12,16,28
3671,12,16,28
3672,12,16,28
3673,12,16,28
3674,12,16,28
3675,12,16,28
3676,12,16,28
3677,12,16,28
3678,12,16,28
3679,12,16,28
3680,12,16,28
3681,12,16,28
3682,12,16,28
3683,12,16,28
3684,12,16,28
3685,12,16,28
3686,12,16,28
3687,12,16,28
3688,12,16,28
3689,12,16,28
3690,12,16,28
3691,12,16,28
3692,12,16,28
3693,12,16,28
3694,12,16,28
3695,12,16,28
3696,12,16,28
3697,12,16,28
3698,12,16,28
3699,12,16,28
3700,12,16,28
3701,12,16,28
3702,12,16,28
3703,12,16,28
3704,12,16,28
3705,12,16,28
3706,12,16,28
3707,12,16,28
3708,12,16,28
3709,12,16,28
3710,12,16,28
3711,12,16,28
3712,12,16,28
3713,12,16,28
3714,12,16,28
3715,12,16,28
3716,12,16,28
3717,12,16,28
3718,12,16,28
3719,12,16,28
3720,12,16,28
3721,12,16,28
3722,12,16,28
3723,12,16,28
3724,12,16,28
3725,12,16,28
3726,12,16,28
3727,12,16,28
3728,12,16,28
3729,12,16,28
3730,12,16,28
3731,12,16,28
3732,12,16,28
3733,12,16,28
3734,12,16,28
3735,12,16,28
3736,12,16,28
3737,12,16,28
3738,12,16,28
3739,12,16,28
3740,12,16,28
3741,12,16,28
3742,12,16,28
3743,12,16,28
3744,12,16,28
3745,12,16,28
3746,12,16,28
3747,12,16,28
3748,12,16,28
3749,12,16,28
3750,12,16,28
3751,12,16,28
3752,12,16,28
3753,12,16,28
3754,12,16,28
3755,12,16,28
3756,12,16,28
3757,12,16,28
3758,12,16,28
3759,12,16,28
3760,12,16,28
3761,12,16,28
3762,12,16,28
3763,12,16,28
3764,12,16,28
3765,12,16,28
3766,12,16,28
3767,12,16,28
3768,12,16,28
3769,12,16,28
3770,12,16,28
3771,12,16,28
3772,12,16,28
3773,12,16,28
3774,12,16,28
3775,12,16,28
3776,12,16,28
3777,12,16,28
3778,12,16,28
3779,12,16,28
3780,12,16,28
3781,12,16,28
3782,12,16,28
3783,12,16,28
3784,12,16,28
3785,12,16,28
3786,12,16,28
3787,12,16,28
3788,12,16,28
3789,12,16,28
3790,12,16,28
3791,12,16,28
3792,12,16,28
3793,12,16,28
3794,12,16,28
3795,12,16,28
3796,12,16,28
3797,12,16,28
3798,12,16,28
3799,12,16,28
3800,12,16,28
3801,12,16,28
3802,12,16,28
3803,12,16,28
3804,12,16,28
3805,12,16,28
3806,12,16,28
3807,12,16,28
3808,12,16,28
3809,12,16,28
3810,12,16,28
3811,12,16,28
3812,12,16,28
3813,12,16,28
3814,12,16,28
3815,12,16,28
3816,12,16,28
3817,12,16,28
3818,12,16,28
3819,12,16,28
3820,12,16,28
3821,12,16,28
3822,12,16,28
3823,12,16,28
3824,12,16,28
3825,12,16,28
3826,12,16,28
3827,12,16,28
3828,12,16,28
3829,12,16,28
3830,12,16,28
3831,12,16,28
3832,12,16,28
3833,12,16,28
3834,12,16,28
3835,12,16,28
3836,12,16,28
3837,12,16,28
3838,12,16,28
3839,12,16,28
3840,12,16,28
3841,12,16,28
3842,12,16,28
3843,12,16,28
3844,12,16,28
3845,12,16,28
3846,12,16,28
3847,12,16,28
3848,12,16,28
3849,12,16,28
3850,12,16,28
3851,12,16,28
3852,12,16,28
3853,12,16,28
3854,12,16,28
3855,12,16,28
3856,12,16,28
3857,12,16,28
3858,12,16,28
3859,12,16,28
3860,12,16,28
3861,12,16,28
3862,12,16,28
3863,12,16,28
3864,12,16,28
3865,12,16,28
3866,12,16,28
3867,12,16,28
3868,12,16,28
3869,12,16,28
3870,12,16,28
3871,12,16,28
3872,12,16,28
3873,12,16,28
3874,12,16,28
3875,12,16,28
3876,12,16,28
3877,12,16,28
3878,12,16,28
3879,12,16,28
3880,12,16,28
3881,12,16,28
3882,12,16,28
3883,12,16,28
3884,12,16,28
3885,12,16,28
3886,12,16,28
3887,12,16,28
3888,12,16,28
3889,12,16,28
3890,12,16,28
3891,12,16,28
3892,12,16,28
3893,12,16,28
3894,12,16,28
3895,12,16,28
3896,12,16,28
3897,12,16,28
3898,12,16,28
3899,12,16,28
3900,12,16,28
3901,12,16,28
3902,12,16,28
3903,12,16,28
3904,12,16,28
3905,12,16,28
3906,12,16,28
3907,12,16,28
3908,12,16,28
3909,12,16,28
3910,12,16,28
3911,12,16,28
3912,12,16,28
3913,12,16,28
3914,12,16,28
3915,12,16,28
3916,12,16,28
3917,12,16,28
3918,12,16,28
3919,12,16,28
3920,12,16,28
3921,12,16,28
3922,12,16,28
3923,12,16,28
3924,12,16,28
3925,12,16,28
3926,12,16,28
3927,12,16,28
3928,12,16,28
3929,12,16,28
3930,12,16,28
3931,12,16,28
3932,12,16,28
3933,12,16,28
3934,12,16,28
3935,12,16,28
3936,12,16,28
3937,12,16,28
3938,12,16,28
3939,12,16,28
3940,12,16,28
3941,12,16,28
3942,12,16,28
3943,12,16,28
3944,12,16,28
3945,12,16,28
3946,12,16,28
3947,12,16,28
3948,12,16,28
3949,12,16,28
3950,12,16,28
3951,12,16,28
3952,12,16,28
3953,12,16,28
3954,12,16,28
3955,12,16,28
3956,12,16,28
3957,12,16,28
3958,12,16,28
3959,12,16,28
3960,12,16,28
3961,12,16,28
3962,12,16,28
3963,12,16,28
3964,12,16,28
3965,12,16,28
3966,12,16,28
3967,12,16,28
3968,12,16,28
3969,12,16,28
3970,12,16,28
3971,12,16,28
3972,12,16,28
3973,12,16,28
3974,12,16,28
3975,12,16,28
3976,12,16,28
3977,12,16,28
3978,12,16,28
3979,12,16,28
3980,12,16,28
3981,12,16,28
3982,12,16,28
3983,12,16,28
3984,12,16,28
3985,12,16,28
3986,12,16,28
3987,12,16,28
3988,12,16,28
3989,12,16,28
3990,12,16,28
3991,12,16,28
3992,12,16,28
3993,12,16,28
3994,12,16,28
3995,12,16,28
3996,12,16,28
3997,12,16,28
3998,12,16,28
3999,12,16,28
4000,12,16,28
